# Blender v3.1.2 OBJ File: 'femme.blend'
# www.blender.org
mtllib femmecorps.mtl
o Sphere
v 0.000000 1.605232 -0.195090
v 0.000000 1.548326 -0.382683
v 0.000000 1.455916 -0.555570
v 0.000000 1.331553 -0.707107
v 0.000000 1.180017 -0.831470
v 0.000000 1.007130 -0.923880
v 0.000000 0.819537 -0.980785
v 0.000000 0.068876 -0.831470
v 0.000000 -0.082660 -0.707107
v 0.000000 -0.207023 -0.555570
v 0.038060 1.605232 -0.191342
v 0.074658 1.548326 -0.375330
v 0.108386 1.455916 -0.544895
v 0.137950 1.331553 -0.693520
v 0.162212 1.180017 -0.815493
v 0.180240 1.007130 -0.906127
v 0.191342 0.819537 -0.961940
v 0.195090 0.624446 -0.980785
v 0.191342 0.429356 -0.961940
v 0.180240 0.241763 -0.906127
v 0.162212 0.068876 -0.815493
v 0.137950 -0.082660 -0.693520
v 0.108386 -0.207023 -0.544895
v 0.074658 -0.299433 -0.375330
v 0.038060 -0.356339 -0.191342
v 0.074658 1.605232 -0.180240
v 0.146447 1.548326 -0.353553
v 0.212608 1.455916 -0.513280
v 0.270598 1.331553 -0.653281
v 0.318190 1.180017 -0.768178
v 0.353553 1.007130 -0.853553
v 0.375330 0.819537 -0.906127
v 0.382683 0.624446 -0.923879
v 0.375330 0.429356 -0.906127
v 0.353553 0.241763 -0.853553
v 0.318190 0.068876 -0.768178
v 0.270598 -0.082660 -0.653281
v 0.212608 -0.207023 -0.513280
v 0.146447 -0.299433 -0.353553
v 0.074658 -0.356339 -0.180240
v 0.108386 1.605232 -0.162212
v 0.212608 1.548326 -0.318190
v 0.308658 1.455916 -0.461940
v 0.392848 1.331553 -0.587938
v 0.461940 1.180017 -0.691342
v 0.513280 1.007130 -0.768178
v 0.544895 0.819537 -0.815493
v 0.555570 0.624446 -0.831469
v 0.544895 0.429356 -0.815493
v 0.513280 0.241763 -0.768178
v 0.461940 0.068876 -0.691342
v 0.392848 -0.082660 -0.587938
v 0.308658 -0.207023 -0.461940
v 0.212608 -0.299433 -0.318190
v 0.108386 -0.356339 -0.162212
v 0.137950 1.605232 -0.137950
v 0.270598 1.548326 -0.270598
v 0.392848 1.455916 -0.392847
v 0.500000 1.331553 -0.500000
v 0.587938 1.180017 -0.587938
v 0.653281 1.007130 -0.653281
v 0.693520 0.819537 -0.693520
v 0.707107 0.624446 -0.707107
v 0.693520 0.429356 -0.693520
v 0.653282 0.241763 -0.653281
v 0.587938 0.068876 -0.587938
v 0.500000 -0.082660 -0.500000
v 0.392848 -0.207023 -0.392847
v 0.270598 -0.299433 -0.270598
v 0.137950 -0.356339 -0.137950
v 0.162212 1.605232 -0.108386
v 0.318190 1.548326 -0.212607
v 0.461940 1.455916 -0.308658
v 0.587938 1.331553 -0.392847
v 0.691342 1.180017 -0.461940
v 0.768178 1.007130 -0.513280
v 0.815493 0.819537 -0.544895
v 0.831470 0.624446 -0.555570
v 0.815493 0.429356 -0.544895
v 0.768178 0.241763 -0.513280
v 0.691342 0.068876 -0.461940
v 0.587938 -0.082660 -0.392847
v 0.461940 -0.207023 -0.308658
v 0.318190 -0.299433 -0.212608
v 0.162212 -0.356339 -0.108386
v 0.180240 1.605232 -0.074658
v 0.353554 1.548326 -0.146447
v 0.513280 1.455916 -0.212607
v 0.653281 1.331553 -0.270598
v 0.768178 1.180017 -0.318190
v 0.853553 1.007130 -0.353553
v 0.906127 0.819537 -0.375330
v 0.923879 0.624446 -0.382683
v 0.906127 0.429356 -0.375330
v 0.853553 0.241763 -0.353553
v 0.768178 0.068876 -0.318190
v 0.653281 -0.082660 -0.270598
v 0.513280 -0.207023 -0.212607
v 0.353554 -0.299433 -0.146447
v 0.180240 -0.356339 -0.074658
v 0.191342 1.605232 -0.038060
v 0.375330 1.548326 -0.074658
v 0.544895 1.455916 -0.108386
v 0.693520 1.331553 -0.137950
v 0.815493 1.180017 -0.162212
v 0.906127 1.007130 -0.180240
v 0.961940 0.819537 -0.191342
v 0.980785 0.624446 -0.195090
v 0.961940 0.429356 -0.191342
v 0.906128 0.241763 -0.180240
v 0.815493 0.068876 -0.162212
v 0.693520 -0.082660 -0.137950
v 0.544895 -0.207023 -0.108386
v 0.375330 -0.299433 -0.074658
v 0.191342 -0.356339 -0.038060
v 0.195090 1.605232 0.000000
v 0.382684 1.548326 0.000000
v 0.555570 1.455916 0.000000
v 0.707107 1.331553 0.000000
v 0.831469 1.180017 0.000000
v 0.923879 1.007130 0.000000
v 0.980785 0.819537 0.000000
v 1.000000 0.624446 0.000000
v 0.980785 0.429356 0.000000
v 0.923880 0.241763 0.000000
v 0.831469 0.068876 0.000000
v 0.707107 -0.082660 0.000000
v 0.555570 -0.207023 0.000000
v 0.382684 -0.299433 0.000000
v 0.195090 -0.356339 0.000000
v 0.191342 1.605232 0.038060
v 0.375330 1.548326 0.074658
v 0.544895 1.455916 0.108386
v 0.693520 1.331553 0.137950
v 0.815493 1.180017 0.162212
v 0.906127 1.007130 0.180240
v 0.961940 0.819537 0.191342
v 0.980785 0.624446 0.195090
v 0.961940 0.429356 0.191342
v 0.906127 0.241763 0.180240
v 0.815493 0.068876 0.162212
v 0.693520 -0.082660 0.137950
v 0.544895 -0.207023 0.108386
v 0.375330 -0.299433 0.074658
v 0.191342 -0.356339 0.038060
v 0.180240 1.605232 0.074658
v 0.353553 1.548326 0.146447
v 0.513280 1.455916 0.212608
v 0.653281 1.331553 0.270598
v 0.768178 1.180017 0.318190
v 0.853553 1.007130 0.353553
v 0.906127 0.819537 0.375330
v 0.923879 0.624446 0.382683
v 0.906127 0.429356 0.375330
v 0.853553 0.241763 0.353554
v 0.768178 0.068876 0.318190
v 0.653281 -0.082660 0.270598
v 0.513280 -0.207023 0.212608
v 0.353554 -0.299433 0.146447
v 0.180240 -0.356339 0.074658
v 0.162212 1.605232 0.108386
v 0.318190 1.548326 0.212608
v 0.461940 1.455916 0.308658
v 0.587938 1.331553 0.392847
v 0.691341 1.180017 0.461940
v 0.768178 1.007130 0.513280
v 0.815493 0.819537 0.544895
v 0.831469 0.624446 0.555570
v 0.815493 0.429356 0.544895
v 0.768178 0.241763 0.513280
v 0.691342 0.068876 0.461940
v 0.587938 -0.082660 0.392847
v 0.461940 -0.207023 0.308658
v 0.318190 -0.299433 0.212608
v 0.162212 -0.356339 0.108386
v 0.137950 1.605232 0.137950
v 0.270598 1.548326 0.270598
v 0.392847 1.455916 0.392847
v 0.500000 1.331553 0.500000
v 0.587938 1.180017 0.587938
v 0.653281 1.007130 0.653281
v 0.693520 0.819537 0.693520
v 0.707106 0.624446 0.707107
v 0.693520 0.429356 0.693520
v 0.653281 0.241763 0.653282
v 0.587938 0.068876 0.587938
v 0.500000 -0.082660 0.500000
v 0.392847 -0.207023 0.392847
v 0.270598 -0.299433 0.270598
v 0.137950 -0.356339 0.137950
v 0.108386 1.605232 0.162212
v 0.212608 1.548326 0.318190
v 0.308658 1.455916 0.461940
v 0.392847 1.331553 0.587938
v 0.461940 1.180017 0.691342
v 0.513280 1.007130 0.768178
v 0.544895 0.819537 0.815493
v 0.555570 0.624446 0.831469
v 0.544895 0.429356 0.815493
v 0.513280 0.241763 0.768178
v 0.461940 0.068876 0.691342
v 0.392847 -0.082660 0.587938
v 0.308658 -0.207023 0.461940
v 0.212608 -0.299433 0.318190
v 0.108386 -0.356339 0.162212
v 0.074658 1.605232 0.180240
v 0.146447 1.548326 0.353554
v 0.212607 1.455916 0.513280
v 0.270598 1.331553 0.653281
v 0.318190 1.180017 0.768178
v 0.353553 1.007130 0.853553
v 0.375330 0.819537 0.906127
v 0.382683 0.624446 0.923879
v 0.375330 0.429356 0.906127
v 0.353553 0.241763 0.853553
v 0.318190 0.068876 0.768178
v 0.270598 -0.082660 0.653281
v 0.212607 -0.207023 0.513280
v 0.146447 -0.299433 0.353554
v 0.074658 -0.356339 0.180240
v 0.038060 1.605232 0.191342
v 0.074658 1.548326 0.375330
v 0.108386 1.455916 0.544895
v 0.137950 1.331553 0.693520
v 0.162212 1.180017 0.815493
v 0.180240 1.007130 0.906127
v 0.191342 0.819537 0.961939
v 0.195090 0.624446 0.980785
v 0.191342 0.429356 0.961939
v 0.180240 0.241763 0.906127
v 0.162212 0.068876 0.815493
v 0.137950 -0.082660 0.693520
v 0.108386 -0.207023 0.544895
v 0.074658 -0.299433 0.375330
v 0.038060 -0.356339 0.191342
v 0.000000 1.605232 0.195090
v -0.000000 1.548326 0.382684
v -0.000000 1.455916 0.555570
v 0.000000 1.331553 0.707107
v -0.000000 1.180017 0.831469
v 0.000000 1.007130 0.923879
v -0.000000 0.819537 0.980785
v -0.000000 0.624446 0.999999
v -0.000000 0.429356 0.980785
v -0.000000 0.241763 0.923880
v -0.000000 0.068876 0.831469
v 0.000000 -0.082660 0.707107
v -0.000000 -0.207023 0.555570
v 0.000000 -0.299433 0.382684
v -0.000000 -0.356339 0.195090
v -0.038060 1.605232 0.191342
v -0.074658 1.548326 0.375330
v -0.108386 1.455916 0.544895
v -0.137950 1.331553 0.693520
v -0.162212 1.180017 0.815493
v -0.180240 1.007130 0.906127
v -0.191342 0.819537 0.961939
v -0.195090 0.624446 0.980785
v -0.191342 0.429356 0.961939
v -0.180240 0.241763 0.906127
v -0.162212 0.068876 0.815493
v -0.137950 -0.082660 0.693520
v -0.108386 -0.207023 0.544895
v -0.074658 -0.299433 0.375330
v -0.038060 -0.356339 0.191342
v -0.074658 1.605232 0.180240
v -0.146447 1.548326 0.353553
v -0.212608 1.455916 0.513280
v -0.270598 1.331553 0.653281
v -0.318189 1.180017 0.768177
v -0.353553 1.007130 0.853553
v -0.375330 0.819537 0.906127
v -0.382683 0.624446 0.923879
v -0.375330 0.429356 0.906127
v -0.353553 0.241763 0.853553
v -0.318190 0.068876 0.768178
v -0.270598 -0.082660 0.653281
v -0.212608 -0.207023 0.513280
v -0.146447 -0.299433 0.353553
v -0.074658 -0.356339 0.180240
v -0.108386 1.605232 0.162212
v -0.212608 1.548326 0.318190
v -0.308658 1.455916 0.461940
v -0.392847 1.331553 0.587938
v -0.461940 1.180017 0.691341
v -0.513280 1.007130 0.768178
v -0.544895 0.819537 0.815493
v -0.555570 0.624446 0.831469
v -0.544895 0.429356 0.815493
v -0.513280 0.241763 0.768178
v -0.461940 0.068876 0.691342
v -0.392847 -0.082660 0.587938
v -0.308658 -0.207023 0.461940
v -0.212608 -0.299433 0.318190
v -0.108386 -0.356339 0.162212
v -0.137950 1.605232 0.137950
v -0.270598 1.548326 0.270598
v -0.392847 1.455916 0.392847
v -0.500000 1.331553 0.500000
v -0.587937 1.180017 0.587938
v -0.653281 1.007130 0.653281
v -0.693520 0.819537 0.693520
v -0.707106 0.624446 0.707106
v -0.693520 0.429356 0.693520
v -0.653281 0.241763 0.653281
v -0.587938 0.068876 0.587938
v -0.500000 -0.082660 0.500000
v -0.392847 -0.207023 0.392847
v -0.270598 -0.299433 0.270598
v -0.137950 -0.356339 0.137950
v -0.162212 1.605232 0.108386
v -0.318190 1.548326 0.212608
v -0.461940 1.455916 0.308658
v -0.587938 1.331553 0.392847
v -0.691341 1.180017 0.461940
v -0.768178 1.007130 0.513280
v -0.815493 0.819537 0.544895
v -0.831469 0.624446 0.555569
v -0.815493 0.429356 0.544895
v -0.768178 0.241763 0.513280
v -0.691341 0.068876 0.461940
v -0.587938 -0.082660 0.392847
v -0.461940 -0.207023 0.308658
v -0.318190 -0.299433 0.212608
v -0.162212 -0.356339 0.108386
v -0.000000 1.624446 0.000000
v -0.180240 1.605232 0.074658
v -0.353553 1.548326 0.146447
v -0.513280 1.455916 0.212607
v -0.653281 1.331553 0.270598
v -0.768177 1.180017 0.318190
v -0.853553 1.007130 0.353553
v -0.906127 0.819537 0.375330
v -0.923879 0.624446 0.382683
v -0.906127 0.429356 0.375330
v -0.853553 0.241763 0.353553
v -0.768177 0.068876 0.318190
v -0.653281 -0.082660 0.270598
v -0.513280 -0.207023 0.212607
v -0.353553 -0.299433 0.146447
v -0.180240 -0.356339 0.074658
v -0.191342 1.605232 0.038060
v -0.375330 1.548326 0.074658
v -0.544895 1.455916 0.108386
v -0.693520 1.331553 0.137950
v -0.815493 1.180017 0.162212
v -0.906127 1.007130 0.180240
v -0.961939 0.819537 0.191342
v -0.980784 0.624446 0.195090
v -0.961939 0.429356 0.191342
v -0.906127 0.241763 0.180240
v -0.815493 0.068876 0.162212
v -0.693520 -0.082660 0.137950
v -0.544895 -0.207023 0.108386
v -0.375330 -0.299433 0.074658
v -0.191342 -0.356339 0.038060
v -0.195090 1.605232 0.000000
v -0.382683 1.548326 0.000000
v -0.555570 1.455916 -0.000000
v -0.707107 1.331553 0.000000
v -0.831469 1.180017 0.000000
v -0.923879 1.007130 0.000000
v -0.980785 0.819537 -0.000000
v -0.999999 0.624446 -0.000000
v -0.980785 0.429356 -0.000000
v -0.923879 0.241763 -0.000000
v -0.831469 0.068876 0.000000
v -0.707107 -0.082660 0.000000
v -0.555570 -0.207023 -0.000000
v -0.382683 -0.299433 0.000000
v -0.195090 -0.356339 0.000000
v -0.191342 1.605232 -0.038060
v -0.375330 1.548326 -0.074658
v -0.544895 1.455916 -0.108386
v -0.693520 1.331553 -0.137950
v -0.815493 1.180017 -0.162212
v -0.906127 1.007130 -0.180240
v -0.961939 0.819537 -0.191342
v -0.980784 0.624446 -0.195091
v -0.961939 0.429356 -0.191342
v -0.906127 0.241763 -0.180240
v -0.815493 0.068876 -0.162212
v -0.693520 -0.082660 -0.137950
v -0.544895 -0.207023 -0.108386
v -0.375330 -0.299433 -0.074658
v -0.191342 -0.356339 -0.038060
v -0.180240 1.605232 -0.074658
v -0.353553 1.548326 -0.146447
v -0.513280 1.455916 -0.212607
v -0.653281 1.331553 -0.270598
v -0.768177 1.180017 -0.318189
v -0.853553 1.007130 -0.353553
v -0.906127 0.819537 -0.375330
v -0.923878 0.624446 -0.382683
v -0.906127 0.429356 -0.375330
v -0.853553 0.241763 -0.353553
v -0.768177 0.068876 -0.318189
v -0.653281 -0.082660 -0.270598
v -0.513280 -0.207023 -0.212607
v -0.353553 -0.299433 -0.146446
v -0.180240 -0.356339 -0.074658
v -0.162212 1.605232 -0.108386
v -0.318189 1.548326 -0.212607
v -0.461939 1.455916 -0.308658
v -0.587938 1.331553 -0.392847
v -0.691341 1.180017 -0.461939
v -0.768177 1.007130 -0.513280
v -0.815493 0.819537 -0.544895
v -0.831469 0.624446 -0.555570
v -0.815493 0.429356 -0.544895
v -0.768177 0.241763 -0.513280
v -0.691341 0.068876 -0.461939
v -0.587938 -0.082660 -0.392847
v -0.461939 -0.207023 -0.308658
v -0.318189 -0.299433 -0.212607
v -0.162212 -0.356339 -0.108386
v -0.137950 1.605232 -0.137950
v -0.270598 1.548326 -0.270598
v -0.392847 1.455916 -0.392847
v -0.500000 1.331553 -0.500000
v -0.587937 1.180017 -0.587937
v -0.653281 1.007130 -0.653281
v -0.693519 0.819537 -0.693520
v -0.707106 0.624446 -0.707106
v -0.693519 0.429356 -0.693520
v -0.653281 0.241763 -0.653281
v -0.587937 0.068876 -0.587937
v -0.500000 -0.082660 -0.500000
v -0.392847 -0.207023 -0.392847
v -0.270598 -0.299433 -0.270598
v -0.137950 -0.356339 -0.137950
v -0.108386 1.605232 -0.162212
v -0.212607 1.548326 -0.318189
v -0.308658 1.455916 -0.461939
v -0.392847 1.331553 -0.587937
v -0.461939 1.180017 -0.691341
v -0.513280 1.007130 -0.768177
v -0.544895 0.819537 -0.815493
v -0.555569 0.624446 -0.831469
v -0.544895 0.429356 -0.815493
v -0.513280 0.241763 -0.768178
v -0.461939 0.068876 -0.691341
v -0.392847 -0.082660 -0.587937
v -0.308658 -0.207023 -0.461939
v -0.212607 -0.299433 -0.318189
v -0.108386 -0.356339 -0.162212
v -0.074658 1.605232 -0.180240
v -0.146446 1.548326 -0.353553
v -0.212607 1.455916 -0.513279
v -0.270598 1.331553 -0.653281
v -0.318189 1.180017 -0.768177
v -0.353553 1.007130 -0.853553
v -0.375330 0.819537 -0.906127
v -0.382683 0.624446 -0.923879
v -0.375330 0.429356 -0.906127
v -0.353553 0.241763 -0.853553
v -0.318189 0.068876 -0.768177
v -0.270598 -0.082660 -0.653281
v -0.212607 -0.207023 -0.513279
v -0.146446 -0.299433 -0.353553
v -0.074658 -0.356339 -0.180240
v -0.038060 1.605232 -0.191342
v -0.074658 1.548326 -0.375330
v -0.108386 1.455916 -0.544895
v -0.137950 1.331553 -0.693520
v -0.162212 1.180017 -0.815493
v -0.180240 1.007130 -0.906127
v -0.191341 0.819537 -0.961939
v -0.195090 0.624446 -0.980784
v -0.191341 0.429356 -0.961939
v -0.180240 0.241763 -0.906127
v -0.162212 0.068876 -0.815493
v -0.137950 -0.082660 -0.693520
v -0.108386 -0.207023 -0.544895
v -0.074658 -0.299433 -0.375330
v -0.038060 -0.356339 -0.191342
v 0.000001 0.624446 -0.999999
v 0.000000 0.429356 -0.980785
v 0.000000 0.241763 -0.923879
v 0.000000 -0.299433 -0.382683
v 0.000000 -0.356339 -0.195090
v 0.000000 -0.375554 0.000000
vt 0.750000 0.875000
vt 0.750000 0.937500
vt 0.718750 0.937500
vt 0.718750 0.875000
vt 0.750000 0.375000
vt 0.750000 0.437500
vt 0.718750 0.437500
vt 0.718750 0.375000
vt 0.750000 0.812500
vt 0.718750 0.812500
vt 0.750000 0.312500
vt 0.718750 0.312500
vt 0.750000 0.750000
vt 0.718750 0.750000
vt 0.750000 0.250000
vt 0.718750 0.250000
vt 0.750000 0.687500
vt 0.718750 0.687500
vt 0.750000 0.187500
vt 0.718750 0.187500
vt 0.750000 0.625000
vt 0.718750 0.625000
vt 0.750000 0.125000
vt 0.718750 0.125000
vt 0.750000 0.562500
vt 0.718750 0.562500
vt 0.750000 0.062500
vt 0.718750 0.062500
vt 0.750000 0.500000
vt 0.718750 0.500000
vt 0.734375 1.000000
vt 0.734375 0.000000
vt 0.703125 1.000000
vt 0.687500 0.937500
vt 0.703125 0.000000
vt 0.687500 0.062500
vt 0.687500 0.500000
vt 0.687500 0.437500
vt 0.687500 0.875000
vt 0.687500 0.375000
vt 0.687500 0.812500
vt 0.687500 0.312500
vt 0.687500 0.750000
vt 0.687500 0.250000
vt 0.687500 0.687500
vt 0.687500 0.187500
vt 0.687500 0.625000
vt 0.687500 0.125000
vt 0.687500 0.562500
vt 0.656250 0.750000
vt 0.656250 0.687500
vt 0.656250 0.250000
vt 0.656250 0.187500
vt 0.656250 0.625000
vt 0.656250 0.125000
vt 0.656250 0.562500
vt 0.656250 0.062500
vt 0.656250 0.500000
vt 0.671875 1.000000
vt 0.656250 0.937500
vt 0.671875 0.000000
vt 0.656250 0.437500
vt 0.656250 0.875000
vt 0.656250 0.375000
vt 0.656250 0.812500
vt 0.656250 0.312500
vt 0.625000 0.500000
vt 0.625000 0.437500
vt 0.625000 0.937500
vt 0.625000 0.875000
vt 0.625000 0.375000
vt 0.625000 0.812500
vt 0.625000 0.312500
vt 0.625000 0.750000
vt 0.625000 0.250000
vt 0.625000 0.687500
vt 0.625000 0.187500
vt 0.625000 0.625000
vt 0.625000 0.125000
vt 0.625000 0.562500
vt 0.625000 0.062500
vt 0.640625 1.000000
vt 0.640625 0.000000
vt 0.593750 0.250000
vt 0.593750 0.187500
vt 0.593750 0.687500
vt 0.593750 0.625000
vt 0.593750 0.125000
vt 0.593750 0.562500
vt 0.593750 0.062500
vt 0.593750 0.500000
vt 0.609375 1.000000
vt 0.593750 0.937500
vt 0.609375 0.000000
vt 0.593750 0.437500
vt 0.593750 0.875000
vt 0.593750 0.375000
vt 0.593750 0.812500
vt 0.593750 0.312500
vt 0.593750 0.750000
vt 0.562500 0.937500
vt 0.562500 0.875000
vt 0.562500 0.437500
vt 0.562500 0.375000
vt 0.562500 0.812500
vt 0.562500 0.312500
vt 0.562500 0.750000
vt 0.562500 0.250000
vt 0.562500 0.687500
vt 0.562500 0.187500
vt 0.562500 0.625000
vt 0.562500 0.125000
vt 0.562500 0.562500
vt 0.562500 0.062500
vt 0.562500 0.500000
vt 0.578125 1.000000
vt 0.578125 0.000000
vt 0.531250 0.687500
vt 0.531250 0.625000
vt 0.531250 0.187500
vt 0.531250 0.125000
vt 0.531250 0.562500
vt 0.531250 0.062500
vt 0.531250 0.500000
vt 0.546875 1.000000
vt 0.531250 0.937500
vt 0.546875 0.000000
vt 0.531250 0.437500
vt 0.531250 0.875000
vt 0.531250 0.375000
vt 0.531250 0.812500
vt 0.531250 0.312500
vt 0.531250 0.750000
vt 0.531250 0.250000
vt 0.500000 0.437500
vt 0.500000 0.375000
vt 0.500000 0.875000
vt 0.500000 0.812500
vt 0.500000 0.312500
vt 0.500000 0.750000
vt 0.500000 0.250000
vt 0.500000 0.687500
vt 0.500000 0.187500
vt 0.500000 0.625000
vt 0.500000 0.125000
vt 0.500000 0.562500
vt 0.500000 0.062500
vt 0.500000 0.500000
vt 0.515625 1.000000
vt 0.500000 0.937500
vt 0.515625 0.000000
vt 0.468750 0.187500
vt 0.468750 0.125000
vt 0.468750 0.625000
vt 0.468750 0.562500
vt 0.468750 0.062500
vt 0.468750 0.500000
vt 0.484375 1.000000
vt 0.468750 0.937500
vt 0.484375 0.000000
vt 0.468750 0.437500
vt 0.468750 0.875000
vt 0.468750 0.375000
vt 0.468750 0.812500
vt 0.468750 0.312500
vt 0.468750 0.750000
vt 0.468750 0.250000
vt 0.468750 0.687500
vt 0.437500 0.375000
vt 0.437500 0.312500
vt 0.437500 0.812500
vt 0.437500 0.750000
vt 0.437500 0.250000
vt 0.437500 0.687500
vt 0.437500 0.187500
vt 0.437500 0.625000
vt 0.437500 0.125000
vt 0.437500 0.562500
vt 0.437500 0.062500
vt 0.437500 0.500000
vt 0.453125 1.000000
vt 0.437500 0.937500
vt 0.453125 0.000000
vt 0.437500 0.437500
vt 0.437500 0.875000
vt 0.406250 0.125000
vt 0.406250 0.062500
vt 0.406250 0.562500
vt 0.406250 0.500000
vt 0.421875 1.000000
vt 0.406250 0.937500
vt 0.421875 0.000000
vt 0.406250 0.437500
vt 0.406250 0.875000
vt 0.406250 0.375000
vt 0.406250 0.812500
vt 0.406250 0.312500
vt 0.406250 0.750000
vt 0.406250 0.250000
vt 0.406250 0.687500
vt 0.406250 0.187500
vt 0.406250 0.625000
vt 0.375000 0.812500
vt 0.375000 0.750000
vt 0.375000 0.312500
vt 0.375000 0.250000
vt 0.375000 0.687500
vt 0.375000 0.187500
vt 0.375000 0.625000
vt 0.375000 0.125000
vt 0.375000 0.562500
vt 0.375000 0.062500
vt 0.375000 0.500000
vt 0.390625 1.000000
vt 0.375000 0.937500
vt 0.390625 0.000000
vt 0.375000 0.437500
vt 0.375000 0.875000
vt 0.375000 0.375000
vt 0.343750 0.562500
vt 0.343750 0.500000
vt 0.359375 1.000000
vt 0.343750 0.937500
vt 0.359375 0.000000
vt 0.343750 0.062500
vt 0.343750 0.437500
vt 0.343750 0.875000
vt 0.343750 0.375000
vt 0.343750 0.812500
vt 0.343750 0.312500
vt 0.343750 0.750000
vt 0.343750 0.250000
vt 0.343750 0.687500
vt 0.343750 0.187500
vt 0.343750 0.625000
vt 0.343750 0.125000
vt 0.312500 0.312500
vt 0.312500 0.250000
vt 0.312500 0.750000
vt 0.312500 0.687500
vt 0.312500 0.187500
vt 0.312500 0.625000
vt 0.312500 0.125000
vt 0.312500 0.562500
vt 0.312500 0.062500
vt 0.312500 0.500000
vt 0.328125 1.000000
vt 0.312500 0.937500
vt 0.328125 0.000000
vt 0.312500 0.437500
vt 0.312500 0.875000
vt 0.312500 0.375000
vt 0.312500 0.812500
vt 0.296875 1.000000
vt 0.281250 0.937500
vt 0.296875 0.000000
vt 0.281250 0.062500
vt 0.281250 0.500000
vt 0.281250 0.437500
vt 0.281250 0.875000
vt 0.281250 0.375000
vt 0.281250 0.812500
vt 0.281250 0.312500
vt 0.281250 0.750000
vt 0.281250 0.250000
vt 0.281250 0.687500
vt 0.281250 0.187500
vt 0.281250 0.625000
vt 0.281250 0.125000
vt 0.281250 0.562500
vt 0.250000 0.750000
vt 0.250000 0.687500
vt 0.250000 0.250000
vt 0.250000 0.187500
vt 0.250000 0.625000
vt 0.250000 0.125000
vt 0.250000 0.562500
vt 0.250000 0.062500
vt 0.250000 0.500000
vt 0.265625 1.000000
vt 0.250000 0.937500
vt 0.265625 0.000000
vt 0.250000 0.437500
vt 0.250000 0.875000
vt 0.250000 0.375000
vt 0.250000 0.812500
vt 0.250000 0.312500
vt 0.218750 0.500000
vt 0.218750 0.437500
vt 0.218750 0.937500
vt 0.218750 0.875000
vt 0.218750 0.375000
vt 0.218750 0.812500
vt 0.218750 0.312500
vt 0.218750 0.750000
vt 0.218750 0.250000
vt 0.218750 0.687500
vt 0.218750 0.187500
vt 0.218750 0.625000
vt 0.218750 0.125000
vt 0.218750 0.562500
vt 0.218750 0.062500
vt 0.234375 1.000000
vt 0.234375 0.000000
vt 0.187500 0.250000
vt 0.187500 0.187500
vt 0.187500 0.687500
vt 0.187500 0.625000
vt 0.187500 0.125000
vt 0.187500 0.562500
vt 0.187500 0.062500
vt 0.187500 0.500000
vt 0.203125 1.000000
vt 0.187500 0.937500
vt 0.203125 0.000000
vt 0.187500 0.437500
vt 0.187500 0.875000
vt 0.187500 0.375000
vt 0.187500 0.812500
vt 0.187500 0.312500
vt 0.187500 0.750000
vt 0.156250 0.437500
vt 0.156250 0.375000
vt 0.156250 0.875000
vt 0.156250 0.812500
vt 0.156250 0.312500
vt 0.156250 0.750000
vt 0.156250 0.250000
vt 0.156250 0.687500
vt 0.156250 0.187500
vt 0.156250 0.625000
vt 0.156250 0.125000
vt 0.156250 0.562500
vt 0.156250 0.062500
vt 0.156250 0.500000
vt 0.171875 1.000000
vt 0.156250 0.937500
vt 0.171875 0.000000
vt 0.125000 0.187500
vt 0.125000 0.125000
vt 0.125000 0.625000
vt 0.125000 0.562500
vt 0.125000 0.062500
vt 0.125000 0.500000
vt 0.140625 1.000000
vt 0.125000 0.937500
vt 0.140625 0.000000
vt 0.125000 0.437500
vt 0.125000 0.875000
vt 0.125000 0.375000
vt 0.125000 0.812500
vt 0.125000 0.312500
vt 0.125000 0.750000
vt 0.125000 0.250000
vt 0.125000 0.687500
vt 0.093750 0.875000
vt 0.093750 0.812500
vt 0.093750 0.375000
vt 0.093750 0.312500
vt 0.093750 0.750000
vt 0.093750 0.250000
vt 0.093750 0.687500
vt 0.093750 0.187500
vt 0.093750 0.625000
vt 0.093750 0.125000
vt 0.093750 0.562500
vt 0.093750 0.062500
vt 0.093750 0.500000
vt 0.109375 1.000000
vt 0.093750 0.937500
vt 0.109375 0.000000
vt 0.093750 0.437500
vt 0.062500 0.625000
vt 0.062500 0.562500
vt 0.062500 0.125000
vt 0.062500 0.062500
vt 0.062500 0.500000
vt 0.078125 1.000000
vt 0.062500 0.937500
vt 0.078125 0.000000
vt 0.062500 0.437500
vt 0.062500 0.875000
vt 0.062500 0.375000
vt 0.062500 0.812500
vt 0.062500 0.312500
vt 0.062500 0.750000
vt 0.062500 0.250000
vt 0.062500 0.687500
vt 0.062500 0.187500
vt 0.031250 0.375000
vt 0.031250 0.312500
vt 0.031250 0.812500
vt 0.031250 0.750000
vt 0.031250 0.250000
vt 0.031250 0.687500
vt 0.031250 0.187500
vt 0.031250 0.625000
vt 0.031250 0.125000
vt 0.031250 0.562500
vt 0.031250 0.062500
vt 0.031250 0.500000
vt 0.046875 1.000000
vt 0.031250 0.937500
vt 0.046875 0.000000
vt 0.031250 0.437500
vt 0.031250 0.875000
vt 0.000000 0.125000
vt 0.000000 0.062500
vt 0.000000 0.562500
vt 0.000000 0.500000
vt 0.015625 1.000000
vt 0.000000 0.937500
vt 0.015625 0.000000
vt 0.000000 0.437500
vt 0.000000 0.875000
vt 0.000000 0.375000
vt 0.000000 0.812500
vt 0.000000 0.312500
vt 0.000000 0.750000
vt 0.000000 0.250000
vt 0.000000 0.687500
vt 0.000000 0.187500
vt 0.000000 0.625000
vt 1.000000 0.750000
vt 1.000000 0.812500
vt 0.968750 0.812500
vt 0.968750 0.750000
vt 1.000000 0.250000
vt 1.000000 0.312500
vt 0.968750 0.312500
vt 0.968750 0.250000
vt 1.000000 0.687500
vt 0.968750 0.687500
vt 1.000000 0.187500
vt 0.968750 0.187500
vt 1.000000 0.625000
vt 0.968750 0.625000
vt 1.000000 0.125000
vt 0.968750 0.125000
vt 1.000000 0.562500
vt 0.968750 0.562500
vt 1.000000 0.062500
vt 0.968750 0.062500
vt 1.000000 0.500000
vt 0.968750 0.500000
vt 1.000000 0.937500
vt 0.984375 1.000000
vt 0.968750 0.937500
vt 0.984375 0.000000
vt 1.000000 0.437500
vt 0.968750 0.437500
vt 1.000000 0.875000
vt 0.968750 0.875000
vt 1.000000 0.375000
vt 0.968750 0.375000
vt 0.937500 0.562500
vt 0.937500 0.500000
vt 0.953125 1.000000
vt 0.937500 0.937500
vt 0.953125 0.000000
vt 0.937500 0.062500
vt 0.937500 0.437500
vt 0.937500 0.875000
vt 0.937500 0.375000
vt 0.937500 0.812500
vt 0.937500 0.312500
vt 0.937500 0.750000
vt 0.937500 0.250000
vt 0.937500 0.687500
vt 0.937500 0.187500
vt 0.937500 0.625000
vt 0.937500 0.125000
vt 0.906250 0.312500
vt 0.906250 0.250000
vt 0.906250 0.750000
vt 0.906250 0.687500
vt 0.906250 0.187500
vt 0.906250 0.625000
vt 0.906250 0.125000
vt 0.906250 0.562500
vt 0.906250 0.062500
vt 0.906250 0.500000
vt 0.921875 1.000000
vt 0.906250 0.937500
vt 0.921875 0.000000
vt 0.906250 0.437500
vt 0.906250 0.875000
vt 0.906250 0.375000
vt 0.906250 0.812500
vt 0.890625 0.000000
vt 0.875000 0.062500
vt 0.875000 0.500000
vt 0.875000 0.437500
vt 0.875000 0.937500
vt 0.875000 0.875000
vt 0.875000 0.375000
vt 0.875000 0.812500
vt 0.875000 0.312500
vt 0.875000 0.750000
vt 0.875000 0.250000
vt 0.875000 0.687500
vt 0.875000 0.187500
vt 0.875000 0.625000
vt 0.875000 0.125000
vt 0.875000 0.562500
vt 0.890625 1.000000
vt 0.843750 0.250000
vt 0.843750 0.187500
vt 0.843750 0.687500
vt 0.843750 0.625000
vt 0.843750 0.125000
vt 0.843750 0.562500
vt 0.843750 0.062500
vt 0.843750 0.500000
vt 0.859375 1.000000
vt 0.843750 0.937500
vt 0.859375 0.000000
vt 0.843750 0.437500
vt 0.843750 0.875000
vt 0.843750 0.375000
vt 0.843750 0.812500
vt 0.843750 0.312500
vt 0.843750 0.750000
vt 0.812500 0.937500
vt 0.812500 0.875000
vt 0.812500 0.437500
vt 0.812500 0.375000
vt 0.812500 0.812500
vt 0.812500 0.312500
vt 0.812500 0.750000
vt 0.812500 0.250000
vt 0.812500 0.687500
vt 0.812500 0.187500
vt 0.812500 0.625000
vt 0.812500 0.125000
vt 0.812500 0.562500
vt 0.812500 0.062500
vt 0.812500 0.500000
vt 0.828125 1.000000
vt 0.828125 0.000000
vt 0.781250 0.687500
vt 0.781250 0.625000
vt 0.781250 0.187500
vt 0.781250 0.125000
vt 0.781250 0.562500
vt 0.781250 0.062500
vt 0.781250 0.500000
vt 0.796875 1.000000
vt 0.781250 0.937500
vt 0.796875 0.000000
vt 0.781250 0.437500
vt 0.781250 0.875000
vt 0.781250 0.375000
vt 0.781250 0.812500
vt 0.781250 0.312500
vt 0.781250 0.750000
vt 0.781250 0.250000
vt 0.765625 1.000000
vt 0.765625 0.000000
vn -0.0000 0.9217 -0.3879
vn -0.0000 0.9796 -0.2010
vn 0.0392 0.9796 -0.1971
vn 0.0757 0.9217 -0.3804
vn -0.0000 -0.3805 -0.9248
vn -0.0000 -0.1939 -0.9810
vn 0.1914 -0.1939 -0.9622
vn 0.1804 -0.3805 -0.9070
vn -0.0000 0.8286 -0.5598
vn 0.1092 0.8286 -0.5490
vn -0.0000 -0.5528 -0.8333
vn 0.1626 -0.5528 -0.8173
vn -0.0000 0.7041 -0.7101
vn 0.1385 0.7041 -0.6965
vn -0.0000 -0.7041 -0.7101
vn 0.1385 -0.7041 -0.6965
vn -0.0000 0.5528 -0.8333
vn 0.1626 0.5528 -0.8173
vn -0.0000 -0.8286 -0.5598
vn 0.1092 -0.8286 -0.5490
vn -0.0000 0.3805 -0.9248
vn 0.1804 0.3805 -0.9070
vn -0.0000 -0.9217 -0.3879
vn 0.0757 -0.9217 -0.3804
vn -0.0000 0.1939 -0.9810
vn 0.1914 0.1939 -0.9622
vn -0.0000 -0.9796 -0.2010
vn 0.0392 -0.9796 -0.1971
vn -0.0000 -0.0000 -1.0000
vn 0.1951 -0.0000 -0.9808
vn -0.0000 1.0000 -0.0000
vn -0.0000 -1.0000 0.0000
vn 0.0769 0.9796 -0.1857
vn 0.0769 -0.9796 -0.1857
vn 0.3827 -0.0000 -0.9239
vn 0.3754 -0.1939 -0.9063
vn 0.1484 0.9217 -0.3584
vn 0.3539 -0.3805 -0.8544
vn 0.2142 0.8286 -0.5172
vn 0.3189 -0.5528 -0.7699
vn 0.2718 0.7041 -0.6561
vn 0.2718 -0.7041 -0.6561
vn 0.3189 0.5528 -0.7699
vn 0.2142 -0.8286 -0.5172
vn 0.3539 0.3805 -0.8544
vn 0.1484 -0.9217 -0.3584
vn 0.3754 0.1939 -0.9063
vn 0.3945 0.7041 -0.5905
vn 0.4630 0.5528 -0.6929
vn 0.3945 -0.7041 -0.5905
vn 0.3110 -0.8286 -0.4654
vn 0.5138 0.3805 -0.7689
vn 0.2155 -0.9217 -0.3225
vn 0.5450 0.1939 -0.8157
vn 0.1117 -0.9796 -0.1671
vn 0.5556 -0.0000 -0.8315
vn 0.1117 0.9796 -0.1671
vn 0.5450 -0.1939 -0.8157
vn 0.2155 0.9217 -0.3225
vn 0.5138 -0.3805 -0.7689
vn 0.3110 0.8286 -0.4654
vn 0.4630 -0.5528 -0.6929
vn 0.7071 -0.0000 -0.7071
vn 0.6937 -0.1939 -0.6937
vn 0.1421 0.9796 -0.1421
vn 0.2743 0.9217 -0.2743
vn 0.6539 -0.3805 -0.6539
vn 0.3958 0.8286 -0.3958
vn 0.5893 -0.5528 -0.5893
vn 0.5021 0.7041 -0.5021
vn 0.5021 -0.7041 -0.5021
vn 0.5893 0.5528 -0.5893
vn 0.3958 -0.8286 -0.3958
vn 0.6539 0.3805 -0.6539
vn 0.2743 -0.9217 -0.2743
vn 0.6937 0.1939 -0.6937
vn 0.1421 -0.9796 -0.1421
vn 0.5905 -0.7041 -0.3945
vn 0.4654 -0.8286 -0.3110
vn 0.6929 0.5528 -0.4630
vn 0.7689 0.3805 -0.5138
vn 0.3225 -0.9217 -0.2155
vn 0.8157 0.1939 -0.5450
vn 0.1671 -0.9796 -0.1117
vn 0.8315 -0.0000 -0.5556
vn 0.1671 0.9796 -0.1117
vn 0.8157 -0.1939 -0.5450
vn 0.3225 0.9217 -0.2155
vn 0.7689 -0.3805 -0.5138
vn 0.4654 0.8286 -0.3110
vn 0.6929 -0.5528 -0.4630
vn 0.5905 0.7041 -0.3945
vn 0.1857 0.9796 -0.0769
vn 0.3584 0.9217 -0.1484
vn 0.9063 -0.1939 -0.3754
vn 0.8544 -0.3805 -0.3539
vn 0.5172 0.8286 -0.2142
vn 0.7699 -0.5528 -0.3189
vn 0.6561 0.7041 -0.2718
vn 0.6561 -0.7041 -0.2718
vn 0.7699 0.5528 -0.3189
vn 0.5172 -0.8286 -0.2142
vn 0.8544 0.3805 -0.3539
vn 0.3584 -0.9217 -0.1484
vn 0.9063 0.1939 -0.3754
vn 0.1857 -0.9796 -0.0769
vn 0.9239 -0.0000 -0.3827
vn 0.8173 0.5528 -0.1626
vn 0.9070 0.3805 -0.1804
vn 0.5490 -0.8286 -0.1092
vn 0.3804 -0.9217 -0.0757
vn 0.9622 0.1939 -0.1914
vn 0.1971 -0.9796 -0.0392
vn 0.9808 -0.0000 -0.1951
vn 0.1971 0.9796 -0.0392
vn 0.9622 -0.1939 -0.1914
vn 0.3804 0.9217 -0.0757
vn 0.9070 -0.3805 -0.1804
vn 0.5490 0.8286 -0.1092
vn 0.8173 -0.5528 -0.1626
vn 0.6965 0.7041 -0.1385
vn 0.6965 -0.7041 -0.1385
vn 0.9810 -0.1939 0.0000
vn 0.9248 -0.3805 0.0000
vn 0.3879 0.9217 -0.0000
vn 0.5598 0.8286 0.0000
vn 0.8333 -0.5528 0.0000
vn 0.7101 0.7041 0.0000
vn 0.7101 -0.7041 0.0000
vn 0.8333 0.5528 0.0000
vn 0.5598 -0.8286 0.0000
vn 0.9248 0.3805 0.0000
vn 0.3879 -0.9217 -0.0000
vn 0.9810 0.1939 0.0000
vn 0.2010 -0.9796 -0.0000
vn 1.0000 -0.0000 0.0000
vn 0.2010 0.9796 -0.0000
vn 0.5490 -0.8286 0.1092
vn 0.3804 -0.9217 0.0757
vn 0.9070 0.3805 0.1804
vn 0.9622 0.1939 0.1914
vn 0.1971 -0.9796 0.0392
vn 0.9808 -0.0000 0.1951
vn 0.1971 0.9796 0.0392
vn 0.9622 -0.1939 0.1914
vn 0.3804 0.9217 0.0757
vn 0.9070 -0.3805 0.1804
vn 0.5490 0.8286 0.1092
vn 0.8173 -0.5528 0.1626
vn 0.6965 0.7041 0.1385
vn 0.6965 -0.7041 0.1385
vn 0.8173 0.5528 0.1626
vn 0.8544 -0.3805 0.3539
vn 0.7699 -0.5528 0.3189
vn 0.5172 0.8286 0.2142
vn 0.6561 0.7041 0.2718
vn 0.6561 -0.7041 0.2718
vn 0.7699 0.5528 0.3189
vn 0.5172 -0.8286 0.2142
vn 0.8544 0.3805 0.3539
vn 0.3584 -0.9217 0.1484
vn 0.9063 0.1939 0.3754
vn 0.1857 -0.9796 0.0769
vn 0.9239 -0.0000 0.3827
vn 0.1857 0.9796 0.0769
vn 0.9063 -0.1939 0.3754
vn 0.3584 0.9217 0.1484
vn 0.3225 -0.9217 0.2155
vn 0.1671 -0.9796 0.1117
vn 0.8157 0.1939 0.5450
vn 0.8315 0.0000 0.5556
vn 0.1671 0.9796 0.1117
vn 0.8157 -0.1939 0.5450
vn 0.3225 0.9217 0.2155
vn 0.7689 -0.3805 0.5138
vn 0.4654 0.8286 0.3110
vn 0.6929 -0.5528 0.4630
vn 0.5905 0.7041 0.3945
vn 0.5905 -0.7041 0.3945
vn 0.6929 0.5528 0.4630
vn 0.4654 -0.8286 0.3110
vn 0.7689 0.3805 0.5138
vn 0.3958 0.8286 0.3958
vn 0.5021 0.7041 0.5021
vn 0.5893 -0.5528 0.5893
vn 0.5021 -0.7041 0.5021
vn 0.5893 0.5528 0.5893
vn 0.3958 -0.8286 0.3958
vn 0.6539 0.3805 0.6539
vn 0.2743 -0.9217 0.2743
vn 0.6937 0.1939 0.6937
vn 0.1421 -0.9796 0.1421
vn 0.7071 0.0000 0.7071
vn 0.1421 0.9796 0.1421
vn 0.6937 -0.1939 0.6937
vn 0.2743 0.9217 0.2743
vn 0.6539 -0.3805 0.6539
vn 0.5450 0.1939 0.8157
vn 0.5556 -0.0000 0.8315
vn 0.1117 0.9796 0.1671
vn 0.1117 -0.9796 0.1671
vn 0.5450 -0.1939 0.8157
vn 0.2155 0.9217 0.3225
vn 0.5138 -0.3805 0.7689
vn 0.3110 0.8286 0.4654
vn 0.4630 -0.5528 0.6929
vn 0.3945 0.7041 0.5905
vn 0.3945 -0.7041 0.5905
vn 0.4630 0.5528 0.6929
vn 0.3110 -0.8286 0.4654
vn 0.5138 0.3805 0.7689
vn 0.2155 -0.9217 0.3225
vn 0.3189 -0.5528 0.7699
vn 0.2718 -0.7041 0.6561
vn 0.2718 0.7041 0.6561
vn 0.3189 0.5528 0.7699
vn 0.2142 -0.8286 0.5172
vn 0.3539 0.3805 0.8544
vn 0.1484 -0.9217 0.3584
vn 0.3754 0.1939 0.9063
vn 0.0769 -0.9796 0.1857
vn 0.3827 -0.0000 0.9239
vn 0.0769 0.9796 0.1857
vn 0.3754 -0.1939 0.9063
vn 0.1484 0.9217 0.3584
vn 0.3539 -0.3805 0.8544
vn 0.2142 0.8286 0.5172
vn 0.0392 0.9796 0.1971
vn 0.0392 -0.9796 0.1971
vn 0.1951 -0.0000 0.9808
vn 0.1914 -0.1939 0.9622
vn 0.0757 0.9217 0.3804
vn 0.1804 -0.3805 0.9070
vn 0.1092 0.8286 0.5490
vn 0.1626 -0.5528 0.8173
vn 0.1385 0.7041 0.6965
vn 0.1385 -0.7041 0.6965
vn 0.1626 0.5528 0.8173
vn 0.1092 -0.8286 0.5490
vn 0.1804 0.3805 0.9070
vn 0.0757 -0.9217 0.3804
vn 0.1914 0.1939 0.9622
vn -0.0000 0.7041 0.7101
vn -0.0000 0.5528 0.8333
vn -0.0000 -0.7041 0.7101
vn -0.0000 -0.8286 0.5598
vn -0.0000 0.3805 0.9248
vn -0.0000 -0.9217 0.3879
vn -0.0000 0.1939 0.9810
vn -0.0000 -0.9796 0.2010
vn -0.0000 -0.0000 1.0000
vn 0.0000 0.9796 0.2010
vn -0.0000 -0.1939 0.9810
vn -0.0000 0.9217 0.3879
vn -0.0000 -0.3805 0.9248
vn -0.0000 0.8286 0.5598
vn -0.0000 -0.5528 0.8333
vn -0.1951 -0.0000 0.9808
vn -0.1914 -0.1939 0.9622
vn -0.0392 0.9796 0.1971
vn -0.0757 0.9217 0.3804
vn -0.1804 -0.3805 0.9070
vn -0.1092 0.8286 0.5490
vn -0.1626 -0.5528 0.8173
vn -0.1385 0.7041 0.6965
vn -0.1385 -0.7041 0.6965
vn -0.1626 0.5528 0.8173
vn -0.1092 -0.8286 0.5490
vn -0.1804 0.3805 0.9070
vn -0.0757 -0.9217 0.3804
vn -0.1914 0.1939 0.9622
vn -0.0392 -0.9796 0.1971
vn -0.2718 -0.7041 0.6561
vn -0.2142 -0.8286 0.5172
vn -0.3189 0.5528 0.7699
vn -0.3539 0.3805 0.8544
vn -0.1484 -0.9217 0.3584
vn -0.3754 0.1939 0.9063
vn -0.0769 -0.9796 0.1857
vn -0.3827 -0.0000 0.9239
vn -0.0769 0.9796 0.1857
vn -0.3754 -0.1939 0.9063
vn -0.1484 0.9217 0.3584
vn -0.3539 -0.3805 0.8544
vn -0.2142 0.8286 0.5172
vn -0.3189 -0.5528 0.7699
vn -0.2718 0.7041 0.6561
vn -0.5450 -0.1939 0.8157
vn -0.5138 -0.3805 0.7689
vn -0.2155 0.9217 0.3225
vn -0.3110 0.8286 0.4654
vn -0.4630 -0.5528 0.6929
vn -0.3945 0.7041 0.5905
vn -0.3945 -0.7041 0.5905
vn -0.4630 0.5528 0.6929
vn -0.3110 -0.8286 0.4654
vn -0.5138 0.3805 0.7689
vn -0.2155 -0.9217 0.3225
vn -0.5450 0.1939 0.8157
vn -0.1117 -0.9796 0.1671
vn -0.5556 -0.0000 0.8315
vn -0.1117 0.9796 0.1671
vn -0.3958 -0.8286 0.3958
vn -0.2743 -0.9217 0.2743
vn -0.6539 0.3805 0.6539
vn -0.6937 0.1939 0.6937
vn -0.1421 -0.9796 0.1421
vn -0.7071 -0.0000 0.7071
vn -0.1421 0.9796 0.1421
vn -0.6937 -0.1939 0.6937
vn -0.2743 0.9217 0.2743
vn -0.6539 -0.3805 0.6539
vn -0.3958 0.8286 0.3958
vn -0.5893 -0.5528 0.5893
vn -0.5021 0.7041 0.5021
vn -0.5021 -0.7041 0.5021
vn -0.5893 0.5528 0.5893
vn -0.3225 0.9217 0.2155
vn -0.4654 0.8286 0.3110
vn -0.7689 -0.3805 0.5138
vn -0.6929 -0.5528 0.4630
vn -0.5905 0.7041 0.3945
vn -0.5905 -0.7041 0.3945
vn -0.6929 0.5528 0.4630
vn -0.4654 -0.8286 0.3110
vn -0.7689 0.3805 0.5138
vn -0.3225 -0.9217 0.2155
vn -0.8157 0.1939 0.5450
vn -0.1671 -0.9796 0.1117
vn -0.8315 -0.0000 0.5556
vn -0.1671 0.9796 0.1117
vn -0.8157 -0.1939 0.5450
vn -0.8544 0.3805 0.3539
vn -0.9063 0.1939 0.3754
vn -0.3584 -0.9217 0.1484
vn -0.1857 -0.9796 0.0769
vn -0.9239 -0.0000 0.3827
vn -0.1857 0.9796 0.0769
vn -0.9063 -0.1939 0.3754
vn -0.3584 0.9217 0.1484
vn -0.8544 -0.3805 0.3539
vn -0.5172 0.8286 0.2142
vn -0.7699 -0.5528 0.3189
vn -0.6561 0.7041 0.2718
vn -0.6561 -0.7041 0.2718
vn -0.7699 0.5528 0.3189
vn -0.5172 -0.8286 0.2142
vn -0.9070 -0.3805 0.1804
vn -0.8173 -0.5528 0.1626
vn -0.5490 0.8286 0.1092
vn -0.6965 0.7041 0.1385
vn -0.6965 -0.7041 0.1385
vn -0.8173 0.5528 0.1626
vn -0.5490 -0.8286 0.1092
vn -0.9070 0.3805 0.1804
vn -0.3804 -0.9217 0.0757
vn -0.9622 0.1939 0.1914
vn -0.1971 -0.9796 0.0392
vn -0.9808 -0.0000 0.1951
vn -0.1971 0.9796 0.0392
vn -0.9622 -0.1939 0.1914
vn -0.3804 0.9217 0.0757
vn -0.3879 -0.9217 -0.0000
vn -0.2010 -0.9796 0.0000
vn -0.9810 0.1939 -0.0000
vn -1.0000 -0.0000 -0.0000
vn -0.2010 0.9796 -0.0000
vn -0.9810 -0.1939 -0.0000
vn -0.3879 0.9217 -0.0000
vn -0.9248 -0.3805 -0.0000
vn -0.5598 0.8286 -0.0000
vn -0.8333 -0.5528 -0.0000
vn -0.7101 0.7041 -0.0000
vn -0.7101 -0.7041 -0.0000
vn -0.8333 0.5528 -0.0000
vn -0.5598 -0.8286 -0.0000
vn -0.9248 0.3805 -0.0000
vn -0.5490 0.8286 -0.1092
vn -0.6965 0.7041 -0.1385
vn -0.8173 -0.5528 -0.1626
vn -0.6965 -0.7041 -0.1385
vn -0.8173 0.5528 -0.1626
vn -0.5490 -0.8286 -0.1092
vn -0.9070 0.3805 -0.1804
vn -0.3804 -0.9217 -0.0757
vn -0.9622 0.1939 -0.1914
vn -0.1971 -0.9796 -0.0392
vn -0.9808 -0.0000 -0.1951
vn -0.1971 0.9796 -0.0392
vn -0.9622 -0.1939 -0.1914
vn -0.3804 0.9217 -0.0757
vn -0.9070 -0.3805 -0.1804
vn -0.9063 0.1939 -0.3754
vn -0.9239 -0.0000 -0.3827
vn -0.1857 0.9796 -0.0769
vn -0.1857 -0.9796 -0.0769
vn -0.9063 -0.1939 -0.3754
vn -0.3584 0.9217 -0.1484
vn -0.8544 -0.3805 -0.3539
vn -0.5172 0.8286 -0.2142
vn -0.7699 -0.5528 -0.3189
vn -0.6561 0.7041 -0.2718
vn -0.6561 -0.7041 -0.2718
vn -0.7699 0.5528 -0.3189
vn -0.5172 -0.8286 -0.2142
vn -0.8544 0.3805 -0.3539
vn -0.3584 -0.9217 -0.1484
vn -0.6929 -0.5528 -0.4630
vn -0.5905 -0.7041 -0.3945
vn -0.5905 0.7041 -0.3945
vn -0.6929 0.5528 -0.4630
vn -0.4654 -0.8286 -0.3110
vn -0.7689 0.3805 -0.5138
vn -0.3225 -0.9217 -0.2155
vn -0.8157 0.1939 -0.5450
vn -0.1671 -0.9796 -0.1117
vn -0.8315 -0.0000 -0.5556
vn -0.1671 0.9796 -0.1117
vn -0.8157 -0.1939 -0.5450
vn -0.3225 0.9217 -0.2155
vn -0.7689 -0.3805 -0.5138
vn -0.4654 0.8286 -0.3110
vn -0.1421 -0.9796 -0.1421
vn -0.7071 -0.0000 -0.7071
vn -0.6937 -0.1939 -0.6937
vn -0.1421 0.9796 -0.1421
vn -0.2743 0.9217 -0.2743
vn -0.6539 -0.3805 -0.6539
vn -0.3958 0.8286 -0.3958
vn -0.5893 -0.5528 -0.5893
vn -0.5021 0.7041 -0.5021
vn -0.5021 -0.7041 -0.5021
vn -0.5893 0.5528 -0.5893
vn -0.3958 -0.8286 -0.3958
vn -0.6539 0.3805 -0.6539
vn -0.2743 -0.9217 -0.2743
vn -0.6937 0.1939 -0.6937
vn -0.3945 -0.7041 -0.5905
vn -0.3110 -0.8286 -0.4654
vn -0.4630 0.5528 -0.6929
vn -0.5138 0.3805 -0.7689
vn -0.2155 -0.9217 -0.3225
vn -0.5450 0.1939 -0.8157
vn -0.1117 -0.9796 -0.1671
vn -0.5556 -0.0000 -0.8315
vn -0.1117 0.9796 -0.1671
vn -0.5450 -0.1939 -0.8157
vn -0.2155 0.9217 -0.3225
vn -0.5138 -0.3805 -0.7689
vn -0.3110 0.8286 -0.4654
vn -0.4630 -0.5528 -0.6929
vn -0.3945 0.7041 -0.5905
vn -0.0769 0.9796 -0.1857
vn -0.1484 0.9217 -0.3584
vn -0.3754 -0.1939 -0.9063
vn -0.3539 -0.3805 -0.8544
vn -0.2142 0.8286 -0.5172
vn -0.3189 -0.5528 -0.7699
vn -0.2718 0.7041 -0.6561
vn -0.2718 -0.7041 -0.6561
vn -0.3189 0.5528 -0.7699
vn -0.2142 -0.8286 -0.5172
vn -0.3539 0.3805 -0.8544
vn -0.1484 -0.9217 -0.3584
vn -0.3754 0.1939 -0.9063
vn -0.0769 -0.9796 -0.1857
vn -0.3827 -0.0000 -0.9239
vn -0.1626 0.5528 -0.8173
vn -0.1804 0.3805 -0.9070
vn -0.1092 -0.8286 -0.5490
vn -0.0757 -0.9217 -0.3804
vn -0.1914 0.1939 -0.9622
vn -0.0392 -0.9796 -0.1971
vn -0.1951 -0.0000 -0.9808
vn -0.0392 0.9796 -0.1971
vn -0.1914 -0.1939 -0.9622
vn -0.0757 0.9217 -0.3804
vn -0.1804 -0.3805 -0.9070
vn -0.1092 0.8286 -0.5490
vn -0.1626 -0.5528 -0.8173
vn -0.1385 0.7041 -0.6965
vn -0.1385 -0.7041 -0.6965
usemtl None
s 1
f 2/1/1 1/2/2 11/3/3 12/4/4
f 479/5/5 478/6/6 19/7/7 20/8/8
f 3/9/9 2/1/1 12/4/4 13/10/10
f 8/11/11 479/5/5 20/8/8 21/12/12
f 4/13/13 3/9/9 13/10/10 14/14/14
f 9/15/15 8/11/11 21/12/12 22/16/16
f 5/17/17 4/13/13 14/14/14 15/18/18
f 10/19/19 9/15/15 22/16/16 23/20/20
f 6/21/21 5/17/17 15/18/18 16/22/22
f 480/23/23 10/19/19 23/20/20 24/24/24
f 7/25/25 6/21/21 16/22/22 17/26/26
f 481/27/27 480/23/23 24/24/24 25/28/28
f 477/29/29 7/25/25 17/26/26 18/30/30
f 1/2/2 326/31/31 11/3/3
f 482/32/32 481/27/27 25/28/28
f 478/6/6 477/29/29 18/30/30 19/7/7
f 11/3/3 326/33/31 26/34/33
f 482/35/32 25/28/28 40/36/34
f 19/7/7 18/30/30 33/37/35 34/38/36
f 12/4/4 11/3/3 26/34/33 27/39/37
f 20/8/8 19/7/7 34/38/36 35/40/38
f 13/10/10 12/4/4 27/39/37 28/41/39
f 21/12/12 20/8/8 35/40/38 36/42/40
f 14/14/14 13/10/10 28/41/39 29/43/41
f 22/16/16 21/12/12 36/42/40 37/44/42
f 15/18/18 14/14/14 29/43/41 30/45/43
f 23/20/20 22/16/16 37/44/42 38/46/44
f 16/22/22 15/18/18 30/45/43 31/47/45
f 24/24/24 23/20/20 38/46/44 39/48/46
f 17/26/26 16/22/22 31/47/45 32/49/47
f 25/28/28 24/24/24 39/48/46 40/36/34
f 18/30/30 17/26/26 32/49/47 33/37/35
f 30/45/43 29/43/41 44/50/48 45/51/49
f 38/46/44 37/44/42 52/52/50 53/53/51
f 31/47/45 30/45/43 45/51/49 46/54/52
f 39/48/46 38/46/44 53/53/51 54/55/53
f 32/49/47 31/47/45 46/54/52 47/56/54
f 40/36/34 39/48/46 54/55/53 55/57/55
f 33/37/35 32/49/47 47/56/54 48/58/56
f 26/34/33 326/59/31 41/60/57
f 482/61/32 40/36/34 55/57/55
f 34/38/36 33/37/35 48/58/56 49/62/58
f 27/39/37 26/34/33 41/60/57 42/63/59
f 35/40/38 34/38/36 49/62/58 50/64/60
f 28/41/39 27/39/37 42/63/59 43/65/61
f 36/42/40 35/40/38 50/64/60 51/66/62
f 29/43/41 28/41/39 43/65/61 44/50/48
f 37/44/42 36/42/40 51/66/62 52/52/50
f 49/62/58 48/58/56 63/67/63 64/68/64
f 42/63/59 41/60/57 56/69/65 57/70/66
f 50/64/60 49/62/58 64/68/64 65/71/67
f 43/65/61 42/63/59 57/70/66 58/72/68
f 51/66/62 50/64/60 65/71/67 66/73/69
f 44/50/48 43/65/61 58/72/68 59/74/70
f 52/52/50 51/66/62 66/73/69 67/75/71
f 45/51/49 44/50/48 59/74/70 60/76/72
f 53/53/51 52/52/50 67/75/71 68/77/73
f 46/54/52 45/51/49 60/76/72 61/78/74
f 54/55/53 53/53/51 68/77/73 69/79/75
f 47/56/54 46/54/52 61/78/74 62/80/76
f 55/57/55 54/55/53 69/79/75 70/81/77
f 48/58/56 47/56/54 62/80/76 63/67/63
f 41/60/57 326/82/31 56/69/65
f 482/83/32 55/57/55 70/81/77
f 68/77/73 67/75/71 82/84/78 83/85/79
f 61/78/74 60/76/72 75/86/80 76/87/81
f 69/79/75 68/77/73 83/85/79 84/88/82
f 62/80/76 61/78/74 76/87/81 77/89/83
f 70/81/77 69/79/75 84/88/82 85/90/84
f 63/67/63 62/80/76 77/89/83 78/91/85
f 56/69/65 326/92/31 71/93/86
f 482/94/32 70/81/77 85/90/84
f 64/68/64 63/67/63 78/91/85 79/95/87
f 57/70/66 56/69/65 71/93/86 72/96/88
f 65/71/67 64/68/64 79/95/87 80/97/89
f 58/72/68 57/70/66 72/96/88 73/98/90
f 66/73/69 65/71/67 80/97/89 81/99/91
f 59/74/70 58/72/68 73/98/90 74/100/92
f 67/75/71 66/73/69 81/99/91 82/84/78
f 60/76/72 59/74/70 74/100/92 75/86/80
f 72/96/88 71/93/86 86/101/93 87/102/94
f 80/97/89 79/95/87 94/103/95 95/104/96
f 73/98/90 72/96/88 87/102/94 88/105/97
f 81/99/91 80/97/89 95/104/96 96/106/98
f 74/100/92 73/98/90 88/105/97 89/107/99
f 82/84/78 81/99/91 96/106/98 97/108/100
f 75/86/80 74/100/92 89/107/99 90/109/101
f 83/85/79 82/84/78 97/108/100 98/110/102
f 76/87/81 75/86/80 90/109/101 91/111/103
f 84/88/82 83/85/79 98/110/102 99/112/104
f 77/89/83 76/87/81 91/111/103 92/113/105
f 85/90/84 84/88/82 99/112/104 100/114/106
f 78/91/85 77/89/83 92/113/105 93/115/107
f 71/93/86 326/116/31 86/101/93
f 482/117/32 85/90/84 100/114/106
f 79/95/87 78/91/85 93/115/107 94/103/95
f 91/111/103 90/109/101 105/118/108 106/119/109
f 99/112/104 98/110/102 113/120/110 114/121/111
f 92/113/105 91/111/103 106/119/109 107/122/112
f 100/114/106 99/112/104 114/121/111 115/123/113
f 93/115/107 92/113/105 107/122/112 108/124/114
f 86/101/93 326/125/31 101/126/115
f 482/127/32 100/114/106 115/123/113
f 94/103/95 93/115/107 108/124/114 109/128/116
f 87/102/94 86/101/93 101/126/115 102/129/117
f 95/104/96 94/103/95 109/128/116 110/130/118
f 88/105/97 87/102/94 102/129/117 103/131/119
f 96/106/98 95/104/96 110/130/118 111/132/120
f 89/107/99 88/105/97 103/131/119 104/133/121
f 97/108/100 96/106/98 111/132/120 112/134/122
f 90/109/101 89/107/99 104/133/121 105/118/108
f 98/110/102 97/108/100 112/134/122 113/120/110
f 110/130/118 109/128/116 124/135/123 125/136/124
f 103/131/119 102/129/117 117/137/125 118/138/126
f 111/132/120 110/130/118 125/136/124 126/139/127
f 104/133/121 103/131/119 118/138/126 119/140/128
f 112/134/122 111/132/120 126/139/127 127/141/129
f 105/118/108 104/133/121 119/140/128 120/142/130
f 113/120/110 112/134/122 127/141/129 128/143/131
f 106/119/109 105/118/108 120/142/130 121/144/132
f 114/121/111 113/120/110 128/143/131 129/145/133
f 107/122/112 106/119/109 121/144/132 122/146/134
f 115/123/113 114/121/111 129/145/133 130/147/135
f 108/124/114 107/122/112 122/146/134 123/148/136
f 101/126/115 326/149/31 116/150/137
f 482/151/32 115/123/113 130/147/135
f 109/128/116 108/124/114 123/148/136 124/135/123
f 102/129/117 101/126/115 116/150/137 117/137/125
f 129/145/133 128/143/131 143/152/138 144/153/139
f 122/146/134 121/144/132 136/154/140 137/155/141
f 130/147/135 129/145/133 144/153/139 145/156/142
f 123/148/136 122/146/134 137/155/141 138/157/143
f 116/150/137 326/158/31 131/159/144
f 482/160/32 130/147/135 145/156/142
f 124/135/123 123/148/136 138/157/143 139/161/145
f 117/137/125 116/150/137 131/159/144 132/162/146
f 125/136/124 124/135/123 139/161/145 140/163/147
f 118/138/126 117/137/125 132/162/146 133/164/148
f 126/139/127 125/136/124 140/163/147 141/165/149
f 119/140/128 118/138/126 133/164/148 134/166/150
f 127/141/129 126/139/127 141/165/149 142/167/151
f 120/142/130 119/140/128 134/166/150 135/168/152
f 128/143/131 127/141/129 142/167/151 143/152/138
f 121/144/132 120/142/130 135/168/152 136/154/140
f 141/165/149 140/163/147 155/169/153 156/170/154
f 134/166/150 133/164/148 148/171/155 149/172/156
f 142/167/151 141/165/149 156/170/154 157/173/157
f 135/168/152 134/166/150 149/172/156 150/174/158
f 143/152/138 142/167/151 157/173/157 158/175/159
f 136/154/140 135/168/152 150/174/158 151/176/160
f 144/153/139 143/152/138 158/175/159 159/177/161
f 137/155/141 136/154/140 151/176/160 152/178/162
f 145/156/142 144/153/139 159/177/161 160/179/163
f 138/157/143 137/155/141 152/178/162 153/180/164
f 131/159/144 326/181/31 146/182/165
f 482/183/32 145/156/142 160/179/163
f 139/161/145 138/157/143 153/180/164 154/184/166
f 132/162/146 131/159/144 146/182/165 147/185/167
f 140/163/147 139/161/145 154/184/166 155/169/153
f 133/164/148 132/162/146 147/185/167 148/171/155
f 160/179/163 159/177/161 174/186/168 175/187/169
f 153/180/164 152/178/162 167/188/170 168/189/171
f 146/182/165 326/190/31 161/191/172
f 482/192/32 160/179/163 175/187/169
f 154/184/166 153/180/164 168/189/171 169/193/173
f 147/185/167 146/182/165 161/191/172 162/194/174
f 155/169/153 154/184/166 169/193/173 170/195/175
f 148/171/155 147/185/167 162/194/174 163/196/176
f 156/170/154 155/169/153 170/195/175 171/197/177
f 149/172/156 148/171/155 163/196/176 164/198/178
f 157/173/157 156/170/154 171/197/177 172/199/179
f 150/174/158 149/172/156 164/198/178 165/200/180
f 158/175/159 157/173/157 172/199/179 173/201/181
f 151/176/160 150/174/158 165/200/180 166/202/182
f 159/177/161 158/175/159 173/201/181 174/186/168
f 152/178/162 151/176/160 166/202/182 167/188/170
f 164/198/178 163/196/176 178/203/183 179/204/184
f 172/199/179 171/197/177 186/205/185 187/206/186
f 165/200/180 164/198/178 179/204/184 180/207/187
f 173/201/181 172/199/179 187/206/186 188/208/188
f 166/202/182 165/200/180 180/207/187 181/209/189
f 174/186/168 173/201/181 188/208/188 189/210/190
f 167/188/170 166/202/182 181/209/189 182/211/191
f 175/187/169 174/186/168 189/210/190 190/212/192
f 168/189/171 167/188/170 182/211/191 183/213/193
f 161/191/172 326/214/31 176/215/194
f 482/216/32 175/187/169 190/212/192
f 169/193/173 168/189/171 183/213/193 184/217/195
f 162/194/174 161/191/172 176/215/194 177/218/196
f 170/195/175 169/193/173 184/217/195 185/219/197
f 163/196/176 162/194/174 177/218/196 178/203/183
f 171/197/177 170/195/175 185/219/197 186/205/185
f 183/213/193 182/211/191 197/220/198 198/221/199
f 176/215/194 326/222/31 191/223/200
f 482/224/32 190/212/192 205/225/201
f 184/217/195 183/213/193 198/221/199 199/226/202
f 177/218/196 176/215/194 191/223/200 192/227/203
f 185/219/197 184/217/195 199/226/202 200/228/204
f 178/203/183 177/218/196 192/227/203 193/229/205
f 186/205/185 185/219/197 200/228/204 201/230/206
f 179/204/184 178/203/183 193/229/205 194/231/207
f 187/206/186 186/205/185 201/230/206 202/232/208
f 180/207/187 179/204/184 194/231/207 195/233/209
f 188/208/188 187/206/186 202/232/208 203/234/210
f 181/209/189 180/207/187 195/233/209 196/235/211
f 189/210/190 188/208/188 203/234/210 204/236/212
f 182/211/191 181/209/189 196/235/211 197/220/198
f 190/212/192 189/210/190 204/236/212 205/225/201
f 202/232/208 201/230/206 216/237/213 217/238/214
f 195/233/209 194/231/207 209/239/215 210/240/216
f 203/234/210 202/232/208 217/238/214 218/241/217
f 196/235/211 195/233/209 210/240/216 211/242/218
f 204/236/212 203/234/210 218/241/217 219/243/219
f 197/220/198 196/235/211 211/242/218 212/244/220
f 205/225/201 204/236/212 219/243/219 220/245/221
f 198/221/199 197/220/198 212/244/220 213/246/222
f 191/223/200 326/247/31 206/248/223
f 482/249/32 205/225/201 220/245/221
f 199/226/202 198/221/199 213/246/222 214/250/224
f 192/227/203 191/223/200 206/248/223 207/251/225
f 200/228/204 199/226/202 214/250/224 215/252/226
f 193/229/205 192/227/203 207/251/225 208/253/227
f 201/230/206 200/228/204 215/252/226 216/237/213
f 194/231/207 193/229/205 208/253/227 209/239/215
f 206/248/223 326/254/31 221/255/228
f 482/256/32 220/245/221 235/257/229
f 214/250/224 213/246/222 228/258/230 229/259/231
f 207/251/225 206/248/223 221/255/228 222/260/232
f 215/252/226 214/250/224 229/259/231 230/261/233
f 208/253/227 207/251/225 222/260/232 223/262/234
f 216/237/213 215/252/226 230/261/233 231/263/235
f 209/239/215 208/253/227 223/262/234 224/264/236
f 217/238/214 216/237/213 231/263/235 232/265/237
f 210/240/216 209/239/215 224/264/236 225/266/238
f 218/241/217 217/238/214 232/265/237 233/267/239
f 211/242/218 210/240/216 225/266/238 226/268/240
f 219/243/219 218/241/217 233/267/239 234/269/241
f 212/244/220 211/242/218 226/268/240 227/270/242
f 220/245/221 219/243/219 234/269/241 235/257/229
f 213/246/222 212/244/220 227/270/242 228/258/230
f 225/266/238 224/264/236 239/271/243 240/272/244
f 233/267/239 232/265/237 247/273/245 248/274/246
f 226/268/240 225/266/238 240/272/244 241/275/247
f 234/269/241 233/267/239 248/274/246 249/276/248
f 227/270/242 226/268/240 241/275/247 242/277/249
f 235/257/229 234/269/241 249/276/248 250/278/250
f 228/258/230 227/270/242 242/277/249 243/279/251
f 221/255/228 326/280/31 236/281/252
f 482/282/32 235/257/229 250/278/250
f 229/259/231 228/258/230 243/279/251 244/283/253
f 222/260/232 221/255/228 236/281/252 237/284/254
f 230/261/233 229/259/231 244/283/253 245/285/255
f 223/262/234 222/260/232 237/284/254 238/286/256
f 231/263/235 230/261/233 245/285/255 246/287/257
f 224/264/236 223/262/234 238/286/256 239/271/243
f 232/265/237 231/263/235 246/287/257 247/273/245
f 244/283/253 243/279/251 258/288/258 259/289/259
f 237/284/254 236/281/252 251/290/260 252/291/261
f 245/285/255 244/283/253 259/289/259 260/292/262
f 238/286/256 237/284/254 252/291/261 253/293/263
f 246/287/257 245/285/255 260/292/262 261/294/264
f 239/271/243 238/286/256 253/293/263 254/295/265
f 247/273/245 246/287/257 261/294/264 262/296/266
f 240/272/244 239/271/243 254/295/265 255/297/267
f 248/274/246 247/273/245 262/296/266 263/298/268
f 241/275/247 240/272/244 255/297/267 256/299/269
f 249/276/248 248/274/246 263/298/268 264/300/270
f 242/277/249 241/275/247 256/299/269 257/301/271
f 250/278/250 249/276/248 264/300/270 265/302/272
f 243/279/251 242/277/249 257/301/271 258/288/258
f 236/281/252 326/303/31 251/290/260
f 482/304/32 250/278/250 265/302/272
f 263/298/268 262/296/266 277/305/273 278/306/274
f 256/299/269 255/297/267 270/307/275 271/308/276
f 264/300/270 263/298/268 278/306/274 279/309/277
f 257/301/271 256/299/269 271/308/276 272/310/278
f 265/302/272 264/300/270 279/309/277 280/311/279
f 258/288/258 257/301/271 272/310/278 273/312/280
f 251/290/260 326/313/31 266/314/281
f 482/315/32 265/302/272 280/311/279
f 259/289/259 258/288/258 273/312/280 274/316/282
f 252/291/261 251/290/260 266/314/281 267/317/283
f 260/292/262 259/289/259 274/316/282 275/318/284
f 253/293/263 252/291/261 267/317/283 268/319/285
f 261/294/264 260/292/262 275/318/284 276/320/286
f 254/295/265 253/293/263 268/319/285 269/321/287
f 262/296/266 261/294/264 276/320/286 277/305/273
f 255/297/267 254/295/265 269/321/287 270/307/275
f 275/318/284 274/316/282 289/322/288 290/323/289
f 268/319/285 267/317/283 282/324/290 283/325/291
f 276/320/286 275/318/284 290/323/289 291/326/292
f 269/321/287 268/319/285 283/325/291 284/327/293
f 277/305/273 276/320/286 291/326/292 292/328/294
f 270/307/275 269/321/287 284/327/293 285/329/295
f 278/306/274 277/305/273 292/328/294 293/330/296
f 271/308/276 270/307/275 285/329/295 286/331/297
f 279/309/277 278/306/274 293/330/296 294/332/298
f 272/310/278 271/308/276 286/331/297 287/333/299
f 280/311/279 279/309/277 294/332/298 295/334/300
f 273/312/280 272/310/278 287/333/299 288/335/301
f 266/314/281 326/336/31 281/337/302
f 482/338/32 280/311/279 295/334/300
f 274/316/282 273/312/280 288/335/301 289/322/288
f 267/317/283 266/314/281 281/337/302 282/324/290
f 294/332/298 293/330/296 308/339/303 309/340/304
f 287/333/299 286/331/297 301/341/305 302/342/306
f 295/334/300 294/332/298 309/340/304 310/343/307
f 288/335/301 287/333/299 302/342/306 303/344/308
f 281/337/302 326/345/31 296/346/309
f 482/347/32 295/334/300 310/343/307
f 289/322/288 288/335/301 303/344/308 304/348/310
f 282/324/290 281/337/302 296/346/309 297/349/311
f 290/323/289 289/322/288 304/348/310 305/350/312
f 283/325/291 282/324/290 297/349/311 298/351/313
f 291/326/292 290/323/289 305/350/312 306/352/314
f 284/327/293 283/325/291 298/351/313 299/353/315
f 292/328/294 291/326/292 306/352/314 307/354/316
f 285/329/295 284/327/293 299/353/315 300/355/317
f 293/330/296 292/328/294 307/354/316 308/339/303
f 286/331/297 285/329/295 300/355/317 301/341/305
f 298/351/313 297/349/311 312/356/318 313/357/319
f 306/352/314 305/350/312 320/358/320 321/359/321
f 299/353/315 298/351/313 313/357/319 314/360/322
f 307/354/316 306/352/314 321/359/321 322/361/323
f 300/355/317 299/353/315 314/360/322 315/362/324
f 308/339/303 307/354/316 322/361/323 323/363/325
f 301/341/305 300/355/317 315/362/324 316/364/326
f 309/340/304 308/339/303 323/363/325 324/365/327
f 302/342/306 301/341/305 316/364/326 317/366/328
f 310/343/307 309/340/304 324/365/327 325/367/329
f 303/344/308 302/342/306 317/366/328 318/368/330
f 296/346/309 326/369/31 311/370/331
f 482/371/32 310/343/307 325/367/329
f 304/348/310 303/344/308 318/368/330 319/372/332
f 297/349/311 296/346/309 311/370/331 312/356/318
f 305/350/312 304/348/310 319/372/332 320/358/320
f 317/366/328 316/364/326 332/373/333 333/374/334
f 325/367/329 324/365/327 340/375/335 341/376/336
f 318/368/330 317/366/328 333/374/334 334/377/337
f 311/370/331 326/378/31 327/379/338
f 482/380/32 325/367/329 341/376/336
f 319/372/332 318/368/330 334/377/337 335/381/339
f 312/356/318 311/370/331 327/379/338 328/382/340
f 320/358/320 319/372/332 335/381/339 336/383/341
f 313/357/319 312/356/318 328/382/340 329/384/342
f 321/359/321 320/358/320 336/383/341 337/385/343
f 314/360/322 313/357/319 329/384/342 330/386/344
f 322/361/323 321/359/321 337/385/343 338/387/345
f 315/362/324 314/360/322 330/386/344 331/388/346
f 323/363/325 322/361/323 338/387/345 339/389/347
f 316/364/326 315/362/324 331/388/346 332/373/333
f 324/365/327 323/363/325 339/389/347 340/375/335
f 337/385/343 336/383/341 351/390/348 352/391/349
f 330/386/344 329/384/342 344/392/350 345/393/351
f 338/387/345 337/385/343 352/391/349 353/394/352
f 331/388/346 330/386/344 345/393/351 346/395/353
f 339/389/347 338/387/345 353/394/352 354/396/354
f 332/373/333 331/388/346 346/395/353 347/397/355
f 340/375/335 339/389/347 354/396/354 355/398/356
f 333/374/334 332/373/333 347/397/355 348/399/357
f 341/376/336 340/375/335 355/398/356 356/400/358
f 334/377/337 333/374/334 348/399/357 349/401/359
f 327/379/338 326/402/31 342/403/360
f 482/404/32 341/376/336 356/400/358
f 335/381/339 334/377/337 349/401/359 350/405/361
f 328/382/340 327/379/338 342/403/360 343/406/362
f 336/383/341 335/381/339 350/405/361 351/390/348
f 329/384/342 328/382/340 343/406/362 344/392/350
f 356/400/358 355/398/356 370/407/363 371/408/364
f 349/401/359 348/399/357 363/409/365 364/410/366
f 342/403/360 326/411/31 357/412/367
f 482/413/32 356/400/358 371/408/364
f 350/405/361 349/401/359 364/410/366 365/414/368
f 343/406/362 342/403/360 357/412/367 358/415/369
f 351/390/348 350/405/361 365/414/368 366/416/370
f 344/392/350 343/406/362 358/415/369 359/417/371
f 352/391/349 351/390/348 366/416/370 367/418/372
f 345/393/351 344/392/350 359/417/371 360/419/373
f 353/394/352 352/391/349 367/418/372 368/420/374
f 346/395/353 345/393/351 360/419/373 361/421/375
f 354/396/354 353/394/352 368/420/374 369/422/376
f 347/397/355 346/395/353 361/421/375 362/423/377
f 355/398/356 354/396/354 369/422/376 370/407/363
f 348/399/357 347/397/355 362/423/377 363/409/365
f 360/424/373 359/425/371 374/426/378 375/427/379
f 368/428/374 367/429/372 382/430/380 383/431/381
f 361/432/375 360/424/373 375/427/379 376/433/382
f 369/434/376 368/428/374 383/431/381 384/435/383
f 362/436/377 361/432/375 376/433/382 377/437/384
f 370/438/363 369/434/376 384/435/383 385/439/385
f 363/440/365 362/436/377 377/437/384 378/441/386
f 371/442/364 370/438/363 385/439/385 386/443/387
f 364/444/366 363/440/365 378/441/386 379/445/388
f 357/446/367 326/447/31 372/448/389
f 482/449/32 371/442/364 386/443/387
f 365/450/368 364/444/366 379/445/388 380/451/390
f 358/452/369 357/446/367 372/448/389 373/453/391
f 366/454/370 365/450/368 380/451/390 381/455/392
f 359/425/371 358/452/369 373/453/391 374/426/378
f 367/429/372 366/454/370 381/455/392 382/430/380
f 379/445/388 378/441/386 393/456/393 394/457/394
f 372/448/389 326/458/31 387/459/395
f 482/460/32 386/443/387 401/461/396
f 380/451/390 379/445/388 394/457/394 395/462/397
f 373/453/391 372/448/389 387/459/395 388/463/398
f 381/455/392 380/451/390 395/462/397 396/464/399
f 374/426/378 373/453/391 388/463/398 389/465/400
f 382/430/380 381/455/392 396/464/399 397/466/401
f 375/427/379 374/426/378 389/465/400 390/467/402
f 383/431/381 382/430/380 397/466/401 398/468/403
f 376/433/382 375/427/379 390/467/402 391/469/404
f 384/435/383 383/431/381 398/468/403 399/470/405
f 377/437/384 376/433/382 391/469/404 392/471/406
f 385/439/385 384/435/383 399/470/405 400/472/407
f 378/441/386 377/437/384 392/471/406 393/456/393
f 386/443/387 385/439/385 400/472/407 401/461/396
f 398/468/403 397/466/401 412/473/408 413/474/409
f 391/469/404 390/467/402 405/475/410 406/476/411
f 399/470/405 398/468/403 413/474/409 414/477/412
f 392/471/406 391/469/404 406/476/411 407/478/413
f 400/472/407 399/470/405 414/477/412 415/479/414
f 393/456/393 392/471/406 407/478/413 408/480/415
f 401/461/396 400/472/407 415/479/414 416/481/416
f 394/457/394 393/456/393 408/480/415 409/482/417
f 387/459/395 326/483/31 402/484/418
f 482/485/32 401/461/396 416/481/416
f 395/462/397 394/457/394 409/482/417 410/486/419
f 388/463/398 387/459/395 402/484/418 403/487/420
f 396/464/399 395/462/397 410/486/419 411/488/421
f 389/465/400 388/463/398 403/487/420 404/489/422
f 397/466/401 396/464/399 411/488/421 412/473/408
f 390/467/402 389/465/400 404/489/422 405/475/410
f 482/490/32 416/481/416 431/491/423
f 410/486/419 409/482/417 424/492/424 425/493/425
f 403/487/420 402/484/418 417/494/426 418/495/427
f 411/488/421 410/486/419 425/493/425 426/496/428
f 404/489/422 403/487/420 418/495/427 419/497/429
f 412/473/408 411/488/421 426/496/428 427/498/430
f 405/475/410 404/489/422 419/497/429 420/499/431
f 413/474/409 412/473/408 427/498/430 428/500/432
f 406/476/411 405/475/410 420/499/431 421/501/433
f 414/477/412 413/474/409 428/500/432 429/502/434
f 407/478/413 406/476/411 421/501/433 422/503/435
f 415/479/414 414/477/412 429/502/434 430/504/436
f 408/480/415 407/478/413 422/503/435 423/505/437
f 416/481/416 415/479/414 430/504/436 431/491/423
f 409/482/417 408/480/415 423/505/437 424/492/424
f 402/484/418 326/506/31 417/494/426
f 429/502/434 428/500/432 443/507/438 444/508/439
f 422/503/435 421/501/433 436/509/440 437/510/441
f 430/504/436 429/502/434 444/508/439 445/511/442
f 423/505/437 422/503/435 437/510/441 438/512/443
f 431/491/423 430/504/436 445/511/442 446/513/444
f 424/492/424 423/505/437 438/512/443 439/514/445
f 417/494/426 326/515/31 432/516/446
f 482/517/32 431/491/423 446/513/444
f 425/493/425 424/492/424 439/514/445 440/518/447
f 418/495/427 417/494/426 432/516/446 433/519/448
f 426/496/428 425/493/425 440/518/447 441/520/449
f 419/497/429 418/495/427 433/519/448 434/521/450
f 427/498/430 426/496/428 441/520/449 442/522/451
f 420/499/431 419/497/429 434/521/450 435/523/452
f 428/500/432 427/498/430 442/522/451 443/507/438
f 421/501/433 420/499/431 435/523/452 436/509/440
f 433/519/448 432/516/446 447/524/453 448/525/454
f 441/520/449 440/518/447 455/526/455 456/527/456
f 434/521/450 433/519/448 448/525/454 449/528/457
f 442/522/451 441/520/449 456/527/456 457/529/458
f 435/523/452 434/521/450 449/528/457 450/530/459
f 443/507/438 442/522/451 457/529/458 458/531/460
f 436/509/440 435/523/452 450/530/459 451/532/461
f 444/508/439 443/507/438 458/531/460 459/533/462
f 437/510/441 436/509/440 451/532/461 452/534/463
f 445/511/442 444/508/439 459/533/462 460/535/464
f 438/512/443 437/510/441 452/534/463 453/536/465
f 446/513/444 445/511/442 460/535/464 461/537/466
f 439/514/445 438/512/443 453/536/465 454/538/467
f 432/516/446 326/539/31 447/524/453
f 482/540/32 446/513/444 461/537/466
f 440/518/447 439/514/445 454/538/467 455/526/455
f 452/534/463 451/532/461 466/541/468 467/542/469
f 460/535/464 459/533/462 474/543/470 475/544/471
f 453/536/465 452/534/463 467/542/469 468/545/472
f 461/537/466 460/535/464 475/544/471 476/546/473
f 454/538/467 453/536/465 468/545/472 469/547/474
f 447/524/453 326/548/31 462/549/475
f 482/550/32 461/537/466 476/546/473
f 455/526/455 454/538/467 469/547/474 470/551/476
f 448/525/454 447/524/453 462/549/475 463/552/477
f 456/527/456 455/526/455 470/551/476 471/553/478
f 449/528/457 448/525/454 463/552/477 464/554/479
f 457/529/458 456/527/456 471/553/478 472/555/480
f 450/530/459 449/528/457 464/554/479 465/556/481
f 458/531/460 457/529/458 472/555/480 473/557/482
f 451/532/461 450/530/459 465/556/481 466/541/468
f 459/533/462 458/531/460 473/557/482 474/543/470
f 471/553/478 470/551/476 478/6/6 479/5/5
f 464/554/479 463/552/477 2/1/1 3/9/9
f 472/555/480 471/553/478 479/5/5 8/11/11
f 465/556/481 464/554/479 3/9/9 4/13/13
f 473/557/482 472/555/480 8/11/11 9/15/15
f 466/541/468 465/556/481 4/13/13 5/17/17
f 474/543/470 473/557/482 9/15/15 10/19/19
f 467/542/469 466/541/468 5/17/17 6/21/21
f 475/544/471 474/543/470 10/19/19 480/23/23
f 468/545/472 467/542/469 6/21/21 7/25/25
f 476/546/473 475/544/471 480/23/23 481/27/27
f 469/547/474 468/545/472 7/25/25 477/29/29
f 462/549/475 326/558/31 1/2/2
f 482/559/32 476/546/473 481/27/27
f 470/551/476 469/547/474 477/29/29 478/6/6
f 463/552/477 462/549/475 1/2/2 2/1/1
o Cube_Cube.001
v -0.921997 0.961198 0.535368
v -0.442456 3.922128 0.360807
v -0.921997 0.961198 -0.653948
v -0.442456 3.922128 -0.358955
v 0.921997 0.961198 0.535368
v 0.442456 3.922128 0.360808
v 0.921997 0.961198 -0.653948
v 0.442456 3.922128 -0.358955
v -1.074633 2.680573 0.787785
v -1.074633 2.680573 -0.572126
v 1.074633 2.680573 -0.572126
v 1.074633 2.680573 0.787785
v -1.127928 3.535546 0.639424
v -1.127928 3.535546 -0.613023
v 1.127928 3.535546 -0.613023
v 1.127928 3.535546 0.639424
v -0.798802 3.688195 0.502211
v -0.798802 3.688195 -0.500359
v 0.798802 3.688195 -0.500359
v 0.798802 3.688195 0.502211
v -1.043625 0.049114 -0.973847
v -1.043625 0.049114 0.816621
v 1.043625 0.049114 -0.973847
v 1.043625 0.049114 0.816621
v -0.983041 -0.878631 -0.941958
v -0.983041 -0.878631 0.784732
v 0.983041 -0.878631 -0.941958
v 0.983041 -0.878631 0.784732
v -1.112687 0.961198 -0.059290
v -1.125990 3.187126 0.735354
v -1.363237 3.535546 0.013200
v -0.987199 1.819175 -0.593331
v 0.000000 0.961198 -0.776258
v 0.000000 3.535546 -0.743239
v 0.987199 1.819175 -0.593331
v 1.112687 0.961198 -0.059290
v 1.363237 3.535546 0.013200
v 0.987199 1.819175 0.653705
v 0.000000 0.961198 0.657679
v -0.000000 3.535546 0.769640
v -0.987199 1.819175 0.653705
v -1.125990 3.187126 -0.595693
v 1.125990 3.187126 -0.595693
v 1.125990 3.187126 0.735354
v 0.000000 2.680573 0.929522
v 1.298101 2.680573 0.107829
v 0.000000 2.680573 -0.713863
v -1.298101 2.680573 0.107829
v -0.467414 3.930296 0.000926
v 0.000000 3.930296 -0.382920
v 0.467414 3.930296 0.000926
v -0.000000 3.930296 0.384772
v -0.613844 3.812084 0.436700
v -0.983208 3.634861 -0.565326
v 0.983208 3.634861 -0.565326
v 0.983208 3.634861 0.567617
v -0.983208 3.634861 0.567617
v -0.613844 3.812084 -0.434848
v 0.613844 3.812084 -0.434848
v 0.613844 3.812084 0.436700
v 0.000000 3.688195 0.606335
v 0.964725 3.688195 0.000926
v 0.000000 3.688195 -0.604483
v -0.964725 3.688195 0.000926
v -1.260784 0.049114 -0.078613
v 0.000000 0.049114 -1.160663
v 1.260784 0.049114 -0.078613
v 0.000000 0.049114 1.003437
v -0.974260 0.469507 0.659941
v 0.974259 0.469507 0.659941
v 0.974260 0.469507 -0.816476
v -0.974259 0.469507 -0.816476
v -1.056161 -0.909356 -0.078613
v 0.000000 -0.909356 -1.006176
v 1.056161 -0.909356 -0.078613
v 0.000000 -0.909356 0.848949
v -1.057325 -0.463819 -1.006779
v -1.057324 -0.463819 0.849553
v 1.057325 -0.463819 0.849553
v 1.057324 -0.463819 -1.006779
v 1.274670 -0.464303 -0.078613
v 0.000000 -0.464303 -1.197626
v 0.000000 -0.464303 1.040400
v 0.000000 -0.999596 -0.078613
v 1.176584 0.469507 -0.078267
v -1.176584 0.469507 -0.078267
v 0.000000 0.469507 -0.969779
v -1.274670 -0.464303 -0.078613
v -0.740099 3.812213 0.000926
v 0.000000 3.812213 -0.524444
v 0.740099 3.812213 0.000926
v 0.000000 3.812213 0.526296
v 0.000000 3.634861 0.685296
v 1.187536 3.634861 0.001146
v 0.000000 3.634861 -0.683004
v -1.187536 3.634861 0.001146
v -1.192198 1.819175 0.030187
v 0.000000 1.819175 -0.722775
v 1.192198 1.819175 0.030187
v 0.000000 1.819175 0.783149
v 0.000000 3.954285 0.000926
v 0.000000 0.469507 0.813244
v 0.000000 3.187126 0.873656
v 1.360001 3.187126 0.069830
v 0.000000 3.187126 -0.733995
v -1.360001 3.187126 0.069830
v -1.082863 0.961198 0.278159
v -1.140110 3.383846 0.685664
v -1.326084 3.535546 -0.342292
v -0.944169 1.358691 -0.614318
v -0.523300 0.961198 -0.757246
v 0.640370 3.535546 -0.722752
v 0.944169 1.358691 -0.614318
v 1.082863 0.961198 -0.396738
v 1.326084 3.535546 0.368693
v 0.944169 1.358691 0.573281
v 0.523300 0.961198 0.638667
v -0.640370 3.535546 0.749153
v -1.033820 2.280196 0.736725
v -1.103886 2.965557 -0.580273
v 1.103886 2.965557 -0.580273
v 1.103886 2.965557 0.778098
v -0.610045 2.680573 0.907163
v 1.262941 2.680573 0.493856
v 0.610045 2.680573 -0.691504
v -1.262941 2.680573 -0.278198
v -0.463270 3.928904 -0.212931
v 0.259868 3.928904 -0.378874
v 0.463270 3.928904 0.214783
v -0.259868 3.928904 0.380726
v -0.523161 3.878142 0.401851
v -1.068628 3.606751 -0.594919
v 1.068628 3.606751 -0.594919
v 1.068628 3.606751 0.601353
v -0.891376 3.655744 0.534863
v -0.706209 3.744068 -0.467705
v 0.706209 3.744068 -0.467705
v 0.706209 3.744068 0.469557
v 0.453445 3.688195 0.589973
v 0.938651 3.688195 -0.283631
v -0.453445 3.688195 -0.588121
v -0.938651 3.688195 0.285483
v -1.226593 0.049114 0.429652
v -0.592455 0.049114 -1.131158
v 1.226593 0.049114 -0.586878
v 0.592455 0.049114 0.973931
v -1.013534 0.266943 0.748718
v 0.937748 0.683275 0.576270
v 1.013534 0.266943 -0.905917
v -0.937748 0.683275 -0.726283
v -1.043695 -0.904118 0.438989
v -0.589363 -0.904118 -0.995227
v 1.043695 -0.904118 -0.596215
v 0.589363 -0.904118 0.838001
v -1.043735 -0.713135 -0.995245
v -1.056047 -0.199904 0.844721
v 1.056047 -0.199904 0.844721
v 1.043735 -0.713135 -0.995245
v -1.082863 0.961198 -0.396738
v -1.103886 2.965557 0.778098
v -1.326084 3.535546 0.368693
v -1.033820 2.280196 -0.578659
v 0.523300 0.961198 -0.757246
v -0.640370 3.535546 -0.722752
v 1.033820 2.280196 -0.578659
v 1.082863 0.961198 0.278159
v 1.326084 3.535546 -0.342292
v 1.033820 2.280196 0.736725
v -0.523300 0.961198 0.638667
v 0.640370 3.535546 0.749153
v -0.944169 1.358691 0.573281
v -1.140110 3.383846 -0.610023
v 1.140110 3.383846 -0.610023
v 1.140110 3.383846 0.685664
v 0.610045 2.680573 0.907163
v 1.262941 2.680573 -0.278198
v -0.610045 2.680573 -0.691504
v -1.262941 2.680573 0.493856
v -0.463270 3.928904 0.214783
v -0.259868 3.928904 -0.378874
v 0.463270 3.928904 -0.212931
v 0.259868 3.928904 0.380726
v -0.706209 3.744068 0.469557
v -0.891376 3.655744 -0.532994
v 0.891376 3.655744 -0.532994
v 0.891376 3.655744 0.534863
v -1.068628 3.606751 0.601353
v -0.523161 3.878142 -0.399999
v 0.523161 3.878142 -0.399999
v 0.523161 3.878142 0.401851
v -0.453445 3.688195 0.589973
v 0.938651 3.688195 0.285483
v 0.453445 3.688195 -0.588121
v -0.938651 3.688195 -0.283631
v -1.226593 0.049114 -0.586878
v 0.592455 0.049114 -1.131158
v 1.226593 0.049114 0.429652
v -0.592455 0.049114 0.973931
v -0.937748 0.683275 0.576270
v 1.013534 0.266943 0.748718
v 0.937748 0.683275 -0.726283
v -1.013534 0.266943 -0.905917
v -1.043695 -0.904118 -0.596215
v 0.589363 -0.904118 -0.995227
v 1.043695 -0.904118 0.438989
v -0.589363 -0.904118 0.838001
v -1.056047 -0.199904 -1.001947
v -1.043735 -0.713135 0.838019
v 1.043735 -0.713135 0.838019
v 1.056047 -0.199904 -1.001947
v 1.237116 -0.717999 -0.078613
v 1.275502 -0.199926 -0.078613
v 1.240415 -0.464237 -0.606103
v 1.240415 -0.464237 0.448877
v 0.000000 -0.717999 -1.165080
v 0.000000 -0.199926 -1.194089
v -0.600880 -0.464237 -1.167542
v 0.600880 -0.464237 -1.167542
v 0.000000 -0.717999 1.007854
v 0.000000 -0.199926 1.036863
v 0.600880 -0.464237 1.010315
v -0.600880 -0.464237 1.010315
v 0.000000 -0.985334 0.449109
v 0.000000 -0.985334 -0.606336
v -0.600887 -0.985334 -0.078613
v 0.600887 -0.985334 -0.078613
v 1.224247 0.266943 -0.078600
v 1.132121 0.683275 -0.075007
v 1.144795 0.469507 -0.497308
v 1.144795 0.469507 0.340774
v -1.224247 0.266943 -0.078600
v -1.132121 0.683275 -0.075007
v -1.144795 0.469507 0.340774
v -1.144795 0.469507 -0.497308
v 0.000000 0.266943 -1.078190
v 0.000000 0.683275 -0.860960
v -0.553035 0.469507 -0.945692
v 0.553035 0.469507 -0.945692
v -1.237116 -0.717999 -0.078613
v -1.275502 -0.199926 -0.078613
v -1.240415 -0.464237 0.448877
v -1.240415 -0.464237 -0.606103
v -0.852845 3.744074 0.000926
v -0.619725 3.879436 0.000926
v -0.720225 3.812195 0.248497
v -0.720225 3.812195 -0.246645
v -0.000000 3.744074 -0.565008
v 0.000000 3.879436 -0.474152
v -0.348627 3.812195 -0.510333
v 0.348627 3.812195 -0.510333
v 0.852845 3.744074 0.000926
v 0.619725 3.879436 0.000926
v 0.720225 3.812195 -0.246645
v 0.720225 3.812195 0.248497
v 0.000000 3.744074 0.566860
v 0.000000 3.879436 0.476004
v 0.348627 3.812195 0.512185
v -0.348627 3.812195 0.512185
v 0.000000 3.606751 0.725665
v 0.000000 3.655744 0.645769
v 0.558145 3.634861 0.666802
v -0.558145 3.634861 0.666802
v 1.291112 3.606751 0.003217
v 1.076535 3.655744 0.000934
v 1.155416 3.634861 -0.320418
v 1.155416 3.634861 0.322709
v 0.000000 3.606751 -0.719231
v 0.000000 3.655744 -0.643901
v -0.558145 3.634861 -0.664510
v 0.558145 3.634861 -0.664510
v -1.291112 3.606751 0.003217
v -1.076535 3.655744 0.000934
v -1.155416 3.634861 0.322709
v -1.155416 3.634861 -0.320418
v -1.159990 1.819175 -0.323742
v -1.159990 1.819175 0.384116
v -1.139876 1.358691 -0.020518
v -1.248680 2.280196 0.079033
v 0.560377 1.819175 -0.702441
v -0.560377 1.819175 -0.702441
v 0.000000 1.358691 -0.737054
v 0.000000 2.280196 -0.715515
v 1.159990 1.819175 0.384116
v 1.159990 1.819175 -0.323742
v 1.139876 1.358691 -0.020518
v 1.248680 2.280196 0.079033
v -0.560377 1.819175 0.762816
v 0.560377 1.819175 0.762816
v 0.000000 1.358691 0.696017
v 0.000000 2.280196 0.873581
v 0.000000 3.950494 0.214069
v 0.000000 3.950494 -0.212217
v 0.251064 3.950494 0.000926
v -0.251064 3.950494 0.000926
v 0.000000 0.266943 0.920990
v 0.000000 0.683275 0.710947
v 0.553035 0.469507 0.789158
v -0.553035 0.469507 0.789158
v -0.639201 3.187126 0.851916
v 0.639201 3.187126 0.851916
v 0.000000 2.965557 0.919428
v 0.000000 3.383846 0.820305
v 1.323214 3.187126 0.447632
v 1.323214 3.187126 -0.307971
v 1.333312 2.965557 0.098913
v 1.377444 3.383846 0.037820
v 0.639201 3.187126 -0.712255
v -0.639201 3.187126 -0.712255
v 0.000000 2.965557 -0.721602
v 0.000000 3.383846 -0.744664
v -1.323214 3.187126 -0.307971
v -1.323214 3.187126 0.447632
v -1.333312 2.965557 0.098913
v -1.377444 3.383846 0.037820
v -1.340070 3.383846 0.405583
v -1.297240 2.965557 0.484490
v -1.297240 2.965557 -0.286665
v -0.647259 3.383846 -0.723495
v -0.626646 2.965557 -0.699355
v 0.626646 2.965557 -0.699355
v 1.340070 3.383846 -0.329942
v 1.297240 2.965557 -0.286665
v 1.297240 2.965557 0.484490
v 0.647259 3.383846 0.799136
v 0.626646 2.965557 0.897180
v -0.626646 2.965557 0.897180
v -0.532264 0.683275 0.689877
v 0.532264 0.683275 0.689877
v 0.575363 0.266943 0.893852
v -0.252352 3.947112 -0.212226
v 0.252352 3.947112 -0.212226
v 0.252352 3.947112 0.214078
v 0.586869 2.280196 0.852036
v 0.535909 1.358691 0.676824
v -0.535909 1.358691 0.676824
v 1.214897 2.280196 -0.294341
v 1.109185 1.358691 -0.357512
v 1.109185 1.358691 0.316475
v -0.586869 2.280196 -0.693971
v -0.535909 1.358691 -0.717860
v 0.535909 1.358691 -0.717860
v -1.214897 2.280196 0.452407
v -1.109185 1.358691 0.316475
v -1.109185 1.358691 -0.357512
v -1.047439 3.655744 -0.302154
v -1.047439 3.655744 0.304023
v -1.256071 3.606751 0.342762
v 0.505997 3.655744 -0.626472
v -0.505997 3.655744 -0.626472
v -0.606682 3.606751 -0.699686
v 1.047439 3.655744 0.304023
v 1.047439 3.655744 -0.302154
v 1.256071 3.606751 -0.336328
v -0.505997 3.655744 0.628341
v 0.505997 3.655744 0.628341
v 0.606682 3.606751 0.706119
v -0.298794 3.879196 0.464434
v 0.298794 3.879196 0.464434
v 0.400889 3.744074 0.551563
v 0.604718 3.879196 0.230451
v 0.604718 3.879196 -0.228599
v 0.829794 3.744074 -0.265103
v 0.298794 3.879196 -0.462582
v -0.298794 3.879196 -0.462582
v -0.400889 3.744074 -0.549711
v -0.604718 3.879196 -0.228599
v -0.604718 3.879196 0.230451
v -0.829794 3.744074 0.266955
v -1.240970 -0.199926 -0.602833
v -1.240970 -0.199926 0.445607
v -1.206842 -0.717096 0.447209
v 0.532264 0.683275 -0.839891
v -0.532264 0.683275 -0.839890
v -0.575363 0.266943 -1.051051
v -1.101640 0.683275 -0.444628
v -1.101640 0.683275 0.294615
v -1.191106 0.266943 0.391087
v 1.101640 0.683275 0.294615
v 1.101640 0.683275 -0.444628
v 1.191106 0.266943 -0.548287
v 0.598739 -0.972612 -0.604450
v -0.598739 -0.972612 -0.604450
v -0.598739 -0.972612 0.447223
v -0.599526 -0.199926 1.006588
v 0.599526 -0.199926 1.006588
v 0.598733 -0.717096 0.981265
v 0.599526 -0.199926 -1.163814
v -0.599526 -0.199926 -1.163814
v -0.598733 -0.717096 -1.138492
v 1.240970 -0.199926 0.445607
v 1.240970 -0.199926 -0.602833
v 1.206842 -0.717096 -0.604435
v 1.206842 -0.717096 0.447209
v 0.598733 -0.717096 -1.138492
v -0.598733 -0.717096 0.981265
v 0.598739 -0.972612 0.447223
v 1.191106 0.266943 0.391087
v -1.191106 0.266943 -0.548287
v 0.575363 0.266943 -1.051051
v -1.206842 -0.717096 -0.604435
v -0.829794 3.744074 -0.265103
v 0.400889 3.744074 -0.549711
v 0.829794 3.744074 0.266955
v -0.400889 3.744074 0.551563
v -0.606682 3.606751 0.706119
v 1.256071 3.606751 0.342762
v 0.606682 3.606751 -0.699686
v -1.256071 3.606751 -0.336328
v -1.214897 2.280196 -0.294341
v 0.586869 2.280196 -0.693971
v 1.214897 2.280196 0.452407
v -0.586869 2.280196 0.852036
v -0.252352 3.947112 0.214078
v -0.575363 0.266943 0.893852
v -0.647259 3.383846 0.799136
v 1.340070 3.383846 0.405583
v 0.647259 3.383846 -0.723495
v -1.340070 3.383846 -0.329942
vt 0.606179 0.187500
vt 0.625000 0.187500
vt 0.625000 0.250000
vt 0.606179 0.250000
vt 0.606179 0.437500
vt 0.625000 0.437500
vt 0.625000 0.500000
vt 0.606179 0.500000
vt 0.606179 0.687500
vt 0.625000 0.687500
vt 0.625000 0.750000
vt 0.606179 0.750000
vt 0.606179 0.937500
vt 0.625000 0.937500
vt 0.625000 1.000000
vt 0.606179 1.000000
vt 0.375000 0.937500
vt 0.375000 1.000000
vt 0.375000 1.000000
vt 0.375000 0.937500
vt 0.786665 0.661665
vt 0.823331 0.661665
vt 0.823331 0.698331
vt 0.786665 0.698331
vt 0.506037 0.937500
vt 0.549716 0.937500
vt 0.549716 1.000000
vt 0.506037 1.000000
vt 0.506037 0.687500
vt 0.549716 0.687500
vt 0.549716 0.750000
vt 0.506037 0.750000
vt 0.506037 0.437500
vt 0.549716 0.437500
vt 0.549716 0.500000
vt 0.506037 0.500000
vt 0.506037 0.187500
vt 0.549716 0.187500
vt 0.549716 0.250000
vt 0.506037 0.250000
vt 0.868101 0.565357
vt 0.868101 0.505715
vt 0.875000 0.500000
vt 0.875000 0.562500
vt 0.690949 0.505715
vt 0.631899 0.505715
vt 0.687500 0.500000
vt 0.631899 0.684643
vt 0.631899 0.744285
vt 0.809051 0.744285
vt 0.868101 0.744285
vt 0.875000 0.750000
vt 0.812500 0.750000
vt 0.795693 0.719939
vt 0.841386 0.719939
vt 0.847405 0.727141
vt 0.798702 0.727141
vt 0.658614 0.672469
vt 0.658614 0.719939
vt 0.652595 0.727141
vt 0.652595 0.676071
vt 0.704307 0.530061
vt 0.658614 0.530061
vt 0.652595 0.522859
vt 0.701298 0.522859
vt 0.841386 0.577531
vt 0.841386 0.530061
vt 0.847405 0.522859
vt 0.847405 0.573929
vt 0.375000 0.187500
vt 0.375000 0.250000
vt 0.375000 0.250000
vt 0.375000 0.187500
vt 0.375000 0.437500
vt 0.375000 0.500000
vt 0.375000 0.500000
vt 0.375000 0.437500
vt 0.375000 0.187500
vt 0.375000 0.250000
vt 0.375000 0.250000
vt 0.375000 0.187500
vt 0.375000 0.687500
vt 0.375000 0.750000
vt 0.375000 0.750000
vt 0.375000 0.687500
vt 0.312500 0.687500
vt 0.375000 0.687500
vt 0.375000 0.750000
vt 0.312500 0.750000
vt 0.375000 0.937500
vt 0.375000 1.000000
vt 0.375000 1.000000
vt 0.375000 0.937500
vt 0.375000 0.437500
vt 0.375000 0.500000
vt 0.375000 0.500000
vt 0.375000 0.437500
vt 0.375000 0.687500
vt 0.375000 0.750000
vt 0.375000 0.562500
vt 0.375000 0.625000
vt 0.375000 0.625000
vt 0.375000 0.562500
vt 0.375000 0.562500
vt 0.375000 0.625000
vt 0.375000 0.625000
vt 0.375000 0.562500
vt 0.375000 0.687500
vt 0.375000 0.750000
vt 0.375000 0.750000
vt 0.375000 0.687500
vt 0.375000 0.312500
vt 0.375000 0.375000
vt 0.375000 0.375000
vt 0.375000 0.312500
vt 0.375000 0.312500
vt 0.375000 0.375000
vt 0.375000 0.375000
vt 0.375000 0.312500
vt 0.375000 0.437500
vt 0.375000 0.500000
vt 0.375000 0.500000
vt 0.375000 0.437500
vt 0.375000 0.812500
vt 0.375000 0.875000
vt 0.375000 0.875000
vt 0.375000 0.812500
vt 0.375000 0.812500
vt 0.375000 0.875000
vt 0.375000 0.875000
vt 0.375000 0.812500
vt 0.375000 0.937500
vt 0.375000 1.000000
vt 0.375000 1.000000
vt 0.375000 0.937500
vt 0.187500 0.687500
vt 0.250000 0.687500
vt 0.250000 0.750000
vt 0.187500 0.750000
vt 0.187500 0.562500
vt 0.250000 0.562500
vt 0.250000 0.625000
vt 0.187500 0.625000
vt 0.312500 0.562500
vt 0.312500 0.625000
vt 0.375000 0.562500
vt 0.375000 0.625000
vt 0.375000 0.625000
vt 0.375000 0.562500
vt 0.375000 0.562500
vt 0.375000 0.625000
vt 0.375000 0.625000
vt 0.375000 0.562500
vt 0.375000 0.687500
vt 0.375000 0.750000
vt 0.375000 0.750000
vt 0.375000 0.687500
vt 0.375000 0.062500
vt 0.375000 0.125000
vt 0.375000 0.125000
vt 0.375000 0.062500
vt 0.375000 0.062500
vt 0.375000 0.125000
vt 0.375000 0.125000
vt 0.375000 0.062500
vt 0.375000 0.187500
vt 0.375000 0.250000
vt 0.375000 0.250000
vt 0.375000 0.187500
vt 0.375000 0.312500
vt 0.375000 0.375000
vt 0.375000 0.375000
vt 0.375000 0.312500
vt 0.375000 0.312500
vt 0.375000 0.375000
vt 0.375000 0.375000
vt 0.375000 0.312500
vt 0.375000 0.437500
vt 0.375000 0.500000
vt 0.375000 0.500000
vt 0.375000 0.437500
vt 0.375000 0.062500
vt 0.375000 0.125000
vt 0.375000 0.125000
vt 0.375000 0.062500
vt 0.375000 0.062500
vt 0.375000 0.125000
vt 0.375000 0.125000
vt 0.375000 0.062500
vt 0.375000 0.187500
vt 0.375000 0.250000
vt 0.375000 0.250000
vt 0.375000 0.187500
vt 0.841386 0.672469
vt 0.841386 0.625000
vt 0.847405 0.625000
vt 0.847405 0.676071
vt 0.829349 0.665267
vt 0.829349 0.625000
vt 0.835368 0.625000
vt 0.835368 0.668868
vt 0.829349 0.584733
vt 0.829349 0.544466
vt 0.835368 0.537264
vt 0.835368 0.581132
vt 0.795693 0.530061
vt 0.750000 0.530061
vt 0.750000 0.522859
vt 0.798702 0.522859
vt 0.789675 0.544466
vt 0.750000 0.544466
vt 0.750000 0.537264
vt 0.792684 0.537264
vt 0.710325 0.544466
vt 0.670651 0.544466
vt 0.664632 0.537264
vt 0.707316 0.537264
vt 0.658614 0.577531
vt 0.658614 0.625000
vt 0.652595 0.625000
vt 0.652595 0.573929
vt 0.670651 0.584733
vt 0.670651 0.625000
vt 0.664632 0.625000
vt 0.664632 0.581132
vt 0.670651 0.665267
vt 0.670651 0.705533
vt 0.664632 0.712736
vt 0.664632 0.668868
vt 0.704307 0.719939
vt 0.750000 0.719939
vt 0.750000 0.727141
vt 0.701298 0.727141
vt 0.710325 0.705533
vt 0.750000 0.705533
vt 0.750000 0.712736
vt 0.707316 0.712736
vt 0.789675 0.705533
vt 0.829349 0.705533
vt 0.835368 0.712736
vt 0.792684 0.712736
vt 0.690949 0.744285
vt 0.750000 0.744285
vt 0.750000 0.750000
vt 0.687500 0.750000
vt 0.697848 0.732856
vt 0.750000 0.732856
vt 0.750000 0.738571
vt 0.694399 0.738571
vt 0.802152 0.732856
vt 0.854304 0.732856
vt 0.861202 0.738571
vt 0.805601 0.738571
vt 0.631899 0.565357
vt 0.631899 0.625000
vt 0.625000 0.625000
vt 0.625000 0.562500
vt 0.645696 0.571072
vt 0.645696 0.625000
vt 0.638798 0.625000
vt 0.638798 0.568215
vt 0.645696 0.678928
vt 0.645696 0.732856
vt 0.638798 0.738571
vt 0.638798 0.681785
vt 0.809051 0.505715
vt 0.750000 0.505715
vt 0.750000 0.500000
vt 0.812500 0.500000
vt 0.802152 0.517144
vt 0.750000 0.517144
vt 0.750000 0.511429
vt 0.805601 0.511429
vt 0.697848 0.517144
vt 0.645696 0.517144
vt 0.638798 0.511429
vt 0.694399 0.511429
vt 0.868101 0.684643
vt 0.868101 0.625000
vt 0.875000 0.625000
vt 0.875000 0.687500
vt 0.854304 0.678928
vt 0.854304 0.625000
vt 0.861202 0.625000
vt 0.861202 0.681785
vt 0.854304 0.571072
vt 0.854304 0.517144
vt 0.861202 0.511429
vt 0.861202 0.568215
vt 0.418679 0.187500
vt 0.462358 0.187500
vt 0.462358 0.250000
vt 0.418679 0.250000
vt 0.418679 0.062500
vt 0.462358 0.062500
vt 0.462358 0.125000
vt 0.418679 0.125000
vt 0.506037 0.062500
vt 0.549716 0.062500
vt 0.549716 0.125000
vt 0.506037 0.125000
vt 0.418679 0.437500
vt 0.462358 0.437500
vt 0.462358 0.500000
vt 0.418679 0.500000
vt 0.418679 0.312500
vt 0.462358 0.312500
vt 0.462358 0.375000
vt 0.418679 0.375000
vt 0.506037 0.312500
vt 0.549716 0.312500
vt 0.549716 0.375000
vt 0.506037 0.375000
vt 0.418679 0.687500
vt 0.462358 0.687500
vt 0.462358 0.750000
vt 0.418679 0.750000
vt 0.418679 0.562500
vt 0.462358 0.562500
vt 0.462358 0.625000
vt 0.418679 0.625000
vt 0.506037 0.562500
vt 0.549716 0.562500
vt 0.549716 0.625000
vt 0.506037 0.625000
vt 0.418679 0.937500
vt 0.462358 0.937500
vt 0.462358 1.000000
vt 0.418679 1.000000
vt 0.418679 0.812500
vt 0.462358 0.812500
vt 0.462358 0.875000
vt 0.418679 0.875000
vt 0.506037 0.812500
vt 0.549716 0.812500
vt 0.549716 0.875000
vt 0.506037 0.875000
vt 0.713335 0.661665
vt 0.750000 0.661665
vt 0.750000 0.698331
vt 0.713335 0.698331
vt 0.713335 0.588335
vt 0.750000 0.588335
vt 0.750000 0.625000
vt 0.713335 0.625000
vt 0.786665 0.588335
vt 0.823331 0.588335
vt 0.823331 0.625000
vt 0.786665 0.625000
vt 0.375000 0.812500
vt 0.375000 0.875000
vt 0.375000 0.875000
vt 0.375000 0.812500
vt 0.375000 0.812500
vt 0.375000 0.875000
vt 0.375000 0.875000
vt 0.375000 0.812500
vt 0.375000 0.937500
vt 0.375000 1.000000
vt 0.375000 1.000000
vt 0.375000 0.937500
vt 0.568537 0.937500
vt 0.587358 0.937500
vt 0.587358 1.000000
vt 0.568537 1.000000
vt 0.568537 0.812500
vt 0.587358 0.812500
vt 0.587358 0.875000
vt 0.568537 0.875000
vt 0.606179 0.812500
vt 0.625000 0.812500
vt 0.625000 0.875000
vt 0.606179 0.875000
vt 0.568537 0.687500
vt 0.587358 0.687500
vt 0.587358 0.750000
vt 0.568537 0.750000
vt 0.568537 0.562500
vt 0.587358 0.562500
vt 0.587358 0.625000
vt 0.568537 0.625000
vt 0.606179 0.562500
vt 0.606179 0.625000
vt 0.568537 0.437500
vt 0.587358 0.437500
vt 0.587358 0.500000
vt 0.568537 0.500000
vt 0.568537 0.312500
vt 0.587358 0.312500
vt 0.587358 0.375000
vt 0.568537 0.375000
vt 0.606179 0.312500
vt 0.625000 0.312500
vt 0.625000 0.375000
vt 0.606179 0.375000
vt 0.568537 0.187500
vt 0.587358 0.187500
vt 0.587358 0.250000
vt 0.568537 0.250000
vt 0.568537 0.062500
vt 0.587358 0.062500
vt 0.587358 0.125000
vt 0.568537 0.125000
vt 0.606179 0.062500
vt 0.625000 0.062500
vt 0.625000 0.125000
vt 0.606179 0.125000
vt 0.587358 0.000000
vt 0.606179 0.000000
vt 0.625000 0.000000
vt 0.549716 0.000000
vt 0.568537 0.000000
vt 0.375000 0.875000
vt 0.375000 0.937500
vt 0.375000 1.000000
vt 0.375000 0.750000
vt 0.375000 0.812500
vt 0.750000 0.551669
vt 0.786665 0.551669
vt 0.823331 0.551669
vt 0.676669 0.588335
vt 0.676669 0.625000
vt 0.676669 0.551669
vt 0.713335 0.551669
vt 0.676669 0.661665
vt 0.676669 0.698331
vt 0.375000 0.562500
vt 0.375000 0.625000
vt 0.375000 0.500000
vt 0.375000 0.687500
vt 0.375000 0.312500
vt 0.375000 0.375000
vt 0.375000 0.250000
vt 0.375000 0.437500
vt 0.462358 0.000000
vt 0.506037 0.000000
vt 0.375000 0.062500
vt 0.375000 0.125000
vt 0.375000 0.000000
vt 0.418679 0.000000
vt 0.375000 0.187500
vt 0.375000 0.000000
vt 0.375000 0.000000
vt 0.375000 0.000000
vt 0.375000 0.000000
vt 0.375000 0.000000
vt 0.375000 0.000000
vt 0.375000 0.000000
vt 0.375000 0.000000
vt 0.250000 0.500000
vt 0.312500 0.500000
vt 0.125000 0.562500
vt 0.125000 0.625000
vt 0.125000 0.500000
vt 0.187500 0.500000
vt 0.125000 0.687500
vt 0.125000 0.750000
vn -0.9368 -0.0241 -0.3489
vn -0.8640 0.3799 -0.3306
vn -0.5441 0.2998 -0.7837
vn -0.5647 -0.0382 -0.8244
vn 0.1320 -0.0296 -0.9908
vn 0.1339 0.1881 -0.9730
vn 0.5441 0.2998 -0.7837
vn 0.5647 -0.0382 -0.8244
vn 0.9341 0.0852 0.3466
vn 0.8412 0.4485 0.3019
vn 0.5110 0.4728 0.7179
vn 0.5566 0.2166 0.8021
vn -0.1270 0.2797 0.9517
vn -0.1219 0.4354 0.8919
vn -0.5110 0.4728 0.7179
vn -0.5566 0.2166 0.8021
vn -0.1672 0.4019 0.9003
vn -0.6153 0.3582 0.7022
vn -0.6493 0.2091 0.7312
vn -0.1850 0.2377 0.9536
vn -0.0450 0.9974 0.0562
vn -0.2156 0.9745 0.0618
vn -0.1824 0.9421 0.2812
vn -0.0496 0.9482 0.3139
vn -0.1412 -0.1692 0.9754
vn -0.1416 -0.0594 0.9881
vn -0.5724 -0.0945 0.8145
vn -0.5744 -0.1804 0.7985
vn 0.9344 -0.1523 0.3221
vn 0.9352 -0.1215 0.3325
vn 0.5724 -0.0945 0.8145
vn 0.5744 -0.1804 0.7985
vn 0.1437 0.0039 -0.9896
vn 0.1428 -0.0202 -0.9895
vn 0.5850 -0.0658 -0.8083
vn 0.5866 -0.0404 -0.8088
vn -0.9422 -0.0961 -0.3210
vn -0.9412 -0.1101 -0.3194
vn -0.5850 -0.0658 -0.8083
vn -0.5866 -0.0404 -0.8088
vn -0.5105 0.8338 -0.2104
vn -0.3319 0.7376 -0.5881
vn 0.0991 0.6185 -0.7795
vn 0.3319 0.7376 -0.5881
vn 0.4902 0.8515 0.1862
vn 0.3074 0.8020 0.5121
vn -0.0894 0.7166 0.6917
vn -0.3074 0.8020 0.5121
vn -0.1146 0.6053 0.7877
vn -0.3337 0.7873 0.5184
vn -0.2498 0.8795 0.4050
vn -0.0934 0.7357 0.6709
vn 0.4665 0.8703 0.1578
vn 0.3337 0.7873 0.5184
vn 0.2498 0.8795 0.4050
vn 0.3436 0.9313 0.1213
vn 0.1146 0.6053 -0.7877
vn 0.3337 0.7873 -0.5184
vn 0.2498 0.8795 -0.4051
vn 0.0934 0.7356 -0.6709
vn -0.4665 0.8703 -0.1578
vn -0.3337 0.7873 -0.5184
vn -0.2498 0.8795 -0.4051
vn -0.3436 0.9312 -0.1213
vn -0.9057 -0.3750 -0.1976
vn -0.6414 -0.3318 -0.6918
vn -0.4251 -0.7720 -0.4724
vn -0.5007 -0.8571 -0.1215
vn 0.1671 0.4031 -0.8998
vn 0.6150 0.3592 -0.7020
vn 0.6493 0.2091 -0.7312
vn 0.1850 0.2377 -0.9535
vn -0.9346 0.2463 -0.2565
vn -0.6150 0.3592 -0.7020
vn -0.6493 0.2091 -0.7312
vn -0.9568 0.1404 -0.2545
vn 0.9348 0.2458 0.2564
vn 0.6153 0.3582 0.7022
vn 0.6493 0.2091 0.7312
vn 0.9568 0.1404 0.2545
vn 0.0799 -0.9927 0.0907
vn 0.5007 -0.8571 0.1215
vn 0.4251 -0.7720 0.4724
vn 0.1012 -0.8394 0.5340
vn -0.1573 -0.3428 0.9262
vn -0.6414 -0.3318 0.6918
vn -0.4251 -0.7720 0.4724
vn -0.1012 -0.8394 0.5340
vn 0.1573 -0.3428 -0.9262
vn 0.6414 -0.3318 -0.6918
vn 0.4251 -0.7720 -0.4724
vn 0.1012 -0.8394 -0.5340
vn 0.9057 -0.3750 0.1976
vn 0.6414 -0.3318 0.6918
vn 0.9057 -0.3750 -0.1976
vn 0.9069 -0.4213 -0.0000
vn 0.4787 -0.8780 -0.0000
vn 0.5007 -0.8571 -0.1215
vn 0.9677 0.0386 -0.2493
vn 0.9996 0.0291 0.0000
vn 0.9975 -0.0707 0.0000
vn 0.9692 -0.0582 -0.2395
vn 0.9677 0.0386 0.2493
vn 0.6688 0.0639 0.7407
vn 0.6742 -0.0426 0.7373
vn 0.9692 -0.0582 0.2395
vn -0.1573 -0.3428 -0.9262
vn 0.0000 -0.3849 -0.9230
vn 0.0000 -0.8571 -0.5152
vn -0.1012 -0.8394 -0.5340
vn -0.1928 0.0729 -0.9785
vn 0.0000 0.0730 -0.9973
vn 0.0000 -0.0535 -0.9986
vn -0.1890 -0.0444 -0.9810
vn 0.1928 0.0729 -0.9785
vn 0.6688 0.0639 -0.7407
vn 0.6742 -0.0426 -0.7373
vn 0.1890 -0.0444 -0.9810
vn 0.1573 -0.3428 0.9262
vn 0.0000 -0.3849 0.9230
vn 0.0000 -0.8571 0.5152
vn 0.1928 0.0729 0.9785
vn 0.0000 0.0730 0.9973
vn 0.0000 -0.0535 0.9986
vn 0.1890 -0.0444 0.9810
vn -0.1928 0.0729 0.9785
vn -0.6688 0.0639 0.7407
vn -0.6742 -0.0426 0.7373
vn -0.1890 -0.0444 0.9810
vn -0.0799 -0.9927 0.0907
vn 0.0000 -0.9947 0.1032
vn -0.0799 -0.9927 -0.0907
vn 0.0000 -0.9947 -0.1032
vn 0.0000 -1.0000 0.0000
vn -0.0909 -0.9959 0.0000
vn 0.0799 -0.9927 -0.0907
vn 0.0909 -0.9959 -0.0000
vn 0.9346 0.2463 -0.2565
vn 0.9795 0.2015 -0.0000
vn 0.9934 0.1146 -0.0000
vn 0.9568 0.1404 -0.2545
vn 0.9366 0.1964 -0.2902
vn 0.9898 0.1423 -0.0011
vn 0.9750 0.2220 -0.0003
vn 0.9232 0.2766 -0.2668
vn 0.9420 0.1746 0.2866
vn 0.5992 0.2712 0.7533
vn 0.5919 0.3980 0.7010
vn 0.9249 0.2718 0.2659
vn -0.9348 0.2458 0.2564
vn -0.9795 0.2015 -0.0000
vn -0.9934 0.1146 -0.0000
vn -0.9568 0.1404 0.2545
vn -0.9420 0.1746 0.2866
vn -0.9898 0.1423 -0.0011
vn -0.9750 0.2220 -0.0003
vn -0.9249 0.2718 0.2659
vn -0.9366 0.1964 -0.2902
vn -0.5869 0.3218 -0.7430
vn -0.5885 0.4077 -0.6982
vn -0.9232 0.2766 -0.2668
vn -0.1671 0.4031 -0.8998
vn -0.0000 0.4099 -0.9121
vn 0.0000 0.2424 -0.9702
vn -0.1850 0.2377 -0.9535
vn -0.1450 0.3658 -0.9193
vn -0.0000 0.3716 -0.9284
vn -0.0000 0.4594 -0.8882
vn -0.1516 0.4531 -0.8785
vn 0.1450 0.3658 -0.9193
vn 0.5869 0.3218 -0.7430
vn 0.5885 0.4077 -0.6982
vn 0.1516 0.4531 -0.8785
vn -0.9057 -0.3750 0.1976
vn -0.9069 -0.4213 -0.0000
vn -0.4787 -0.8780 -0.0000
vn -0.5007 -0.8571 0.1215
vn -0.9677 0.0386 0.2493
vn -0.9996 0.0291 0.0000
vn -0.9975 -0.0707 0.0000
vn -0.9692 -0.0582 0.2395
vn -0.9677 0.0386 -0.2493
vn -0.6688 0.0639 -0.7407
vn -0.6742 -0.0426 -0.7373
vn -0.9692 -0.0582 -0.2395
vn -0.4665 0.8703 0.1578
vn -0.4832 0.8755 -0.0000
vn -0.3615 0.9324 -0.0000
vn -0.3436 0.9313 0.1213
vn -0.4227 0.8988 0.1159
vn -0.4127 0.9109 -0.0000
vn -0.5069 0.8620 -0.0000
vn -0.4978 0.8530 0.1568
vn -0.4227 0.8988 -0.1159
vn -0.3116 0.8346 -0.4543
vn -0.3595 0.7672 -0.5312
vn -0.4978 0.8530 -0.1568
vn -0.1146 0.6053 -0.7877
vn -0.0000 0.5493 -0.8356
vn 0.0000 0.6858 -0.7278
vn -0.0934 0.7356 -0.6709
vn -0.0884 0.7458 -0.6603
vn 0.0000 0.7464 -0.6655
vn 0.0000 0.5567 -0.8307
vn -0.1190 0.5986 -0.7922
vn 0.0884 0.7458 -0.6603
vn 0.3116 0.8346 -0.4543
vn 0.3595 0.7672 -0.5312
vn 0.1190 0.5986 -0.7922
vn 0.4665 0.8703 -0.1578
vn 0.4832 0.8755 0.0000
vn 0.3615 0.9324 -0.0000
vn 0.3436 0.9312 -0.1213
vn 0.4227 0.8988 -0.1159
vn 0.4127 0.9109 0.0000
vn 0.5069 0.8620 0.0000
vn 0.4978 0.8530 -0.1568
vn 0.4227 0.8988 0.1159
vn 0.3116 0.8346 0.4543
vn 0.3595 0.7672 0.5312
vn 0.4978 0.8530 0.1568
vn 0.1146 0.6053 0.7877
vn 0.0000 0.5493 0.8356
vn -0.0000 0.6859 0.7277
vn 0.0934 0.7357 0.6709
vn 0.0884 0.7458 0.6603
vn -0.0000 0.7464 0.6655
vn -0.0000 0.5567 0.8307
vn 0.1190 0.5986 0.7922
vn -0.0884 0.7458 0.6603
vn -0.3116 0.8346 0.4543
vn -0.3595 0.7672 0.5312
vn -0.1190 0.5986 0.7922
vn 0.0894 0.7167 0.6917
vn -0.0000 0.6867 0.7269
vn -0.0000 0.4227 0.9063
vn 0.1219 0.4354 0.8919
vn 0.0660 0.8688 0.4907
vn -0.0000 0.8358 0.5491
vn -0.0000 0.8552 0.5183
vn 0.0571 0.8796 0.4723
vn -0.0660 0.8688 0.4907
vn -0.1616 0.9469 0.2780
vn -0.1561 0.9414 0.2990
vn -0.0571 0.8796 0.4723
vn 0.5105 0.8338 -0.2104
vn 0.5124 0.8588 -0.0025
vn 0.9075 0.4200 -0.0035
vn 0.8640 0.3799 -0.3306
vn 0.2193 0.9723 -0.0812
vn 0.2305 0.9731 -0.0000
vn 0.2271 0.9739 -0.0002
vn 0.2236 0.9706 -0.0894
vn 0.2192 0.9723 0.0811
vn 0.1616 0.9469 0.2780
vn 0.1561 0.9414 0.2990
vn 0.2214 0.9713 0.0871
vn -0.0991 0.6185 -0.7795
vn -0.0000 0.5785 -0.8157
vn -0.0000 0.1657 -0.9862
vn -0.1339 0.1881 -0.9730
vn -0.0661 0.8677 -0.4926
vn 0.0000 0.8345 -0.5510
vn 0.0000 0.8402 -0.5422
vn -0.0585 0.8666 -0.4956
vn 0.0661 0.8677 -0.4926
vn 0.1619 0.9465 -0.2792
vn 0.1600 0.9355 -0.3151
vn 0.0585 0.8666 -0.4956
vn -0.4902 0.8515 0.1862
vn -0.5124 0.8588 -0.0025
vn -0.9075 0.4200 -0.0035
vn -0.8412 0.4485 0.3019
vn -0.2192 0.9723 0.0811
vn -0.2305 0.9731 -0.0000
vn -0.2271 0.9739 -0.0002
vn -0.2214 0.9713 0.0871
vn -0.2193 0.9723 -0.0812
vn -0.1619 0.9465 -0.2792
vn -0.1600 0.9355 -0.3151
vn -0.2236 0.9706 -0.0894
vn -0.9450 -0.0553 -0.3223
vn -0.9425 -0.0864 -0.3229
vn -0.5855 -0.0258 -0.8103
vn -0.5866 0.0143 -0.8097
vn -0.9404 -0.1210 0.3179
vn -0.9349 -0.1548 0.3195
vn -0.9931 -0.1174 0.0000
vn -0.9959 -0.0901 -0.0004
vn -0.9344 -0.1523 0.3221
vn -0.9352 -0.1215 0.3325
vn -0.9926 -0.1217 0.0029
vn -0.9925 -0.1222 0.0009
vn 0.1420 0.0591 -0.9881
vn 0.1427 0.0181 -0.9896
vn 0.5855 -0.0258 -0.8103
vn 0.5866 0.0143 -0.8097
vn -0.1420 0.0591 -0.9881
vn -0.1427 0.0181 -0.9896
vn 0.0000 0.0236 -0.9997
vn 0.0000 0.0646 -0.9979
vn -0.1437 0.0039 -0.9896
vn -0.1428 -0.0202 -0.9895
vn 0.0000 -0.0122 -0.9999
vn 0.0000 0.0100 -0.9999
vn 0.9404 -0.1210 0.3179
vn 0.9349 -0.1548 0.3195
vn 0.5746 -0.1971 0.7943
vn 0.5811 -0.1532 0.7993
vn 0.9450 -0.0553 -0.3223
vn 0.9425 -0.0864 -0.3229
vn 0.9931 -0.1174 0.0000
vn 0.9959 -0.0901 -0.0004
vn 0.9422 -0.0961 -0.3210
vn 0.9412 -0.1101 -0.3194
vn 0.9926 -0.1217 0.0029
vn 0.9925 -0.1222 0.0009
vn -0.1408 -0.1450 0.9794
vn -0.1400 -0.1921 0.9713
vn -0.5746 -0.1971 0.7943
vn -0.5811 -0.1532 0.7993
vn 0.1408 -0.1450 0.9794
vn 0.1400 -0.1921 0.9713
vn -0.0000 -0.1890 0.9820
vn -0.0000 -0.1413 0.9900
vn 0.1412 -0.1692 0.9754
vn 0.1416 -0.0594 0.9881
vn -0.0000 -0.0522 0.9986
vn 0.0000 -0.1653 0.9862
vn 0.0450 0.9974 0.0562
vn -0.0000 0.9979 0.0649
vn -0.0000 0.9500 0.3122
vn 0.0496 0.9482 0.3139
vn 0.0450 0.9974 -0.0562
vn 0.0000 0.9979 -0.0649
vn 0.0000 1.0000 0.0000
vn 0.0517 0.9987 0.0000
vn -0.0450 0.9974 -0.0562
vn -0.2156 0.9745 -0.0618
vn -0.2091 0.9779 -0.0000
vn -0.0517 0.9987 -0.0000
vn 0.1672 0.4019 0.9003
vn -0.0000 0.4087 0.9127
vn 0.0000 0.2424 0.9702
vn 0.1850 0.2377 0.9536
vn 0.1487 0.3049 0.9407
vn 0.0000 0.3101 0.9507
vn 0.0000 0.4474 0.8943
vn 0.1527 0.4413 0.8842
vn -0.1487 0.3049 0.9407
vn -0.5992 0.2712 0.7533
vn -0.5919 0.3980 0.7010
vn -0.1527 0.4413 0.8842
vn -0.1380 0.1055 0.9848
vn -0.1317 0.2171 0.9672
vn -0.5648 0.1297 0.8150
vn -0.5698 0.0354 0.8210
vn 0.1380 0.1055 0.9848
vn 0.1317 0.2171 0.9672
vn -0.0000 0.2300 0.9732
vn -0.0000 0.1174 0.9931
vn 0.1270 0.2797 0.9517
vn 0.0000 0.2876 0.9577
vn 0.9373 -0.0705 0.3413
vn 0.9383 -0.0224 0.3452
vn 0.5648 0.1297 0.8150
vn 0.5698 0.0354 0.8210
vn 0.9370 -0.1277 -0.3251
vn 0.9333 -0.1233 -0.3373
vn 0.9950 -0.0999 0.0013
vn 0.9930 -0.1182 0.0031
vn 0.9368 -0.0241 -0.3489
vn 1.0000 0.0062 0.0001
vn 0.1392 -0.0537 -0.9888
vn 0.1343 -0.0680 -0.9886
vn 0.5647 -0.1093 -0.8180
vn 0.5759 -0.1002 -0.8113
vn -0.1392 -0.0537 -0.9888
vn -0.1343 -0.0680 -0.9886
vn 0.0000 -0.0571 -0.9984
vn 0.0000 -0.0432 -0.9991
vn -0.1320 -0.0296 -0.9908
vn -0.0000 -0.0242 -0.9997
vn -0.9370 -0.1277 -0.3251
vn -0.9333 -0.1233 -0.3373
vn -0.5647 -0.1093 -0.8180
vn -0.5759 -0.1002 -0.8113
vn -0.9373 -0.0705 0.3413
vn -0.9383 -0.0224 0.3452
vn -0.9950 -0.0999 0.0013
vn -0.9930 -0.1182 0.0031
vn -0.9341 0.0852 0.3466
vn -1.0000 0.0062 0.0001
vn -0.0000 0.0451 0.9990
vn -0.1457 0.0398 0.9885
vn -0.6003 0.0191 0.7995
vn 0.6003 0.0191 0.7995
vn 0.1457 0.0398 0.9885
vn 0.0000 0.9500 -0.3122
vn -0.0496 0.9482 -0.3139
vn -0.1824 0.9421 -0.2812
vn 0.2156 0.9745 -0.0618
vn 0.2091 0.9779 0.0000
vn 0.1824 0.9421 -0.2812
vn 0.0496 0.9482 -0.3139
vn 0.2156 0.9745 0.0618
vn 0.1824 0.9421 0.2812
vn 0.9486 0.0471 -0.3128
vn 1.0000 0.0034 -0.0012
vn 0.5912 0.1431 -0.7937
vn 0.9516 -0.0009 0.3075
vn -0.1429 0.1887 -0.9716
vn -0.0000 0.1947 -0.9809
vn -0.5912 0.1431 -0.7937
vn 0.1429 0.1887 -0.9716
vn -0.9516 -0.0009 0.3075
vn -1.0000 0.0034 -0.0012
vn -0.9486 0.0471 -0.3128
usemtl None
s 1
f 900/560/483 591/561/484 496/562/485 654/563/486
f 899/564/487 594/565/488 497/566/489 655/567/490
f 898/568/491 597/569/492 498/570/493 656/571/494
f 897/572/495 600/573/496 495/574/497 590/575/498
f 896/576/499 629/577/500 504/578/501 680/579/502
f 895/580/503 661/581/504 484/582/505 612/583/506
f 894/584/507 605/585/508 491/586/509 601/587/510
f 893/588/511 606/589/512 494/590/513 650/591/514
f 892/592/515 607/593/516 493/594/517 647/595/518
f 891/596/519 608/597/520 492/598/521 644/599/522
f 890/600/523 614/601/524 496/602/485 591/603/484
f 889/604/525 615/605/526 497/566/489 594/606/488
f 888/607/527 616/608/528 498/570/493 597/569/492
f 887/609/529 669/610/530 495/611/497 600/612/496
f 886/613/531 665/614/532 499/615/533 673/616/534
f 885/617/535 620/618/536 502/619/537 674/620/538
f 884/621/539 619/622/540 501/623/541 675/624/542
f 883/625/543 618/626/544 500/627/545 676/628/546
f 882/629/547 637/630/548 507/631/549 685/632/550
f 881/633/551 631/634/552 505/635/553 678/636/554
f 880/637/555 684/638/556 503/639/557 677/640/558
f 879/641/559 682/642/560 506/643/561 679/644/562
f 878/645/563 687/646/564 510/647/565 636/648/566
f 877/649/567 690/650/568 508/651/569 688/652/570
f 876/653/571 640/654/572 509/655/573 686/656/574
f 875/657/575 691/658/576 510/647/565 687/646/564
f 874/659/577 693/660/578 557/661/579 635/662/580
f 873/663/581 694/664/582 563/665/583 695/666/584
f 872/667/585 639/668/586 561/669/587 696/670/588
f 871/671/589 697/672/590 556/673/591 634/674/592
f 870/675/593 698/676/594 564/677/595 699/678/596
f 869/679/597 692/680/598 562/681/599 700/682/600
f 868/683/601 701/684/602 558/685/603 636/686/566
f 867/687/604 702/688/605 565/689/606 703/690/607
f 866/691/608 638/692/609 560/693/610 704/694/611
f 865/695/612 705/696/613 558/697/603 688/698/570
f 864/699/614 706/700/615 566/701/616 707/702/617
f 863/703/618 635/662/580 557/661/579 708/704/619
f 862/705/620 709/706/621 549/707/622 627/708/623
f 861/709/624 710/710/625 567/711/626 711/712/627
f 860/713/628 630/714/629 552/715/630 712/716/631
f 859/717/632 713/718/633 547/719/634 625/720/635
f 858/721/636 714/722/637 568/723/638 715/724/639
f 857/725/640 632/726/641 554/727/642 716/728/643
f 856/729/644 717/730/645 548/731/646 626/732/647
f 855/733/648 718/734/649 569/735/650 719/736/651
f 854/737/652 683/738/653 553/739/654 720/740/655
f 853/741/656 721/742/657 555/743/658 633/744/659
f 852/745/660 722/746/661 570/747/662 723/748/663
f 851/749/664 689/750/665 559/751/666 724/752/667
f 850/753/668 725/754/669 546/755/670 624/756/671
f 849/757/672 726/758/673 571/759/674 727/760/675
f 848/761/676 670/762/677 540/763/678 728/764/679
f 847/765/680 729/766/681 545/767/682 623/768/683
f 846/769/684 730/770/685 572/771/686 731/772/687
f 845/773/688 671/774/689 541/775/690 732/776/691
f 844/777/692 733/778/693 544/779/694 622/780/695
f 843/781/696 734/782/697 573/783/698 735/784/699
f 842/785/700 672/786/701 542/787/702 736/788/703
f 841/789/704 737/790/705 543/791/706 621/792/707
f 840/793/708 738/794/709 574/795/710 739/796/711
f 839/797/712 613/798/713 535/799/714 740/800/715
f 838/801/716 741/802/717 522/803/718 652/804/719
f 837/805/720 742/806/721 575/807/722 743/808/723
f 836/809/724 617/810/725 539/811/726 744/812/727
f 835/813/728 745/814/729 519/815/730 649/816/731
f 834/817/732 746/818/733 576/819/734 747/820/735
f 833/821/736 668/822/737 538/823/738 748/824/739
f 832/825/740 749/826/741 516/827/742 646/828/743
f 831/829/744 750/830/745 577/831/746 751/832/747
f 830/833/748 667/834/749 537/835/750 752/836/751
f 829/837/752 753/838/753 513/839/754 643/840/755
f 828/841/756 754/842/757 578/843/758 755/844/759
f 827/845/760 666/846/761 536/847/762 756/848/763
f 826/849/764 757/850/765 514/851/766 592/852/767
f 825/853/768 758/854/769 579/855/770 759/856/771
f 824/857/772 660/858/773 530/859/774 760/860/775
f 823/861/776 761/862/777 517/863/778 595/864/779
f 822/865/780 762/866/781 580/867/782 763/868/783
f 821/869/784 659/870/785 529/871/786 764/872/787
f 820/873/788 765/874/789 520/875/790 598/876/791
f 819/877/792 766/878/793 581/879/794 767/880/795
f 818/881/796 658/882/797 528/883/798 768/884/799
f 817/885/800 769/886/801 523/887/802 653/888/803
f 816/889/804 770/890/805 582/891/806 771/892/807
f 815/893/808 657/894/809 527/895/810 772/896/811
f 814/897/812 773/898/813 534/899/814 664/900/815
f 813/901/816 774/902/817 583/903/818 775/904/819
f 812/905/820 609/906/821 531/907/822 776/908/823
f 811/909/824 777/910/825 550/911/826 628/912/827
f 810/913/828 778/914/829 584/915/830 779/916/831
f 809/917/832 681/918/833 551/919/834 780/920/835
f 808/921/836 781/922/837 512/923/838 642/924/839
f 807/925/840 782/926/841 585/927/842 783/928/843
f 806/929/844 652/930/719 522/931/718 784/932/845
f 805/933/846 785/934/847 526/935/848 604/936/849
f 804/937/850 786/938/851 586/939/852 787/940/853
f 803/941/854 649/816/731 519/815/730 788/942/855
f 802/943/856 789/944/857 525/945/858 603/946/859
f 801/947/860 790/948/861 587/949/862 791/950/863
f 800/951/864 646/952/743 516/953/742 792/954/865
f 799/955/866 793/956/867 524/957/868 602/958/869
f 798/959/870 794/960/871 588/961/872 795/962/873
f 797/963/874 643/964/755 513/965/754 796/966/875
f 794/960/871 797/963/874 796/966/875 588/961/872
f 512/967/838 590/968/498 797/963/874 794/960/871
f 590/968/498 495/969/497 643/964/755 797/963/874
f 660/858/773 798/959/870 795/962/873 530/859/774
f 491/970/509 642/971/839 798/959/870 660/858/773
f 642/971/839 512/967/838 794/960/871 798/959/870
f 608/597/520 799/955/866 602/958/869 492/598/521
f 530/859/774 795/962/873 799/955/866 608/597/520
f 795/962/873 588/961/872 793/956/867 799/955/866
f 790/948/861 800/951/864 792/954/865 587/949/862
f 524/957/868 654/563/486 800/951/864 790/948/861
f 654/563/486 496/562/485 646/952/743 800/951/864
f 659/870/785 801/947/860 791/950/863 529/871/786
f 492/598/521 602/958/869 801/947/860 659/870/785
f 602/958/869 524/957/868 790/948/861 801/947/860
f 607/593/516 802/943/856 603/946/859 493/594/517
f 529/871/786 791/950/863 802/943/856 607/593/516
f 791/950/863 587/949/862 789/944/857 802/943/856
f 786/938/851 803/941/854 788/942/855 586/939/852
f 525/945/858 655/567/490 803/941/854 786/938/851
f 655/567/490 497/566/489 649/816/731 803/941/854
f 658/882/797 804/937/850 787/940/853 528/883/798
f 493/594/517 603/946/859 804/937/850 658/882/797
f 603/946/859 525/945/858 786/938/851 804/937/850
f 606/589/512 805/933/846 604/936/849 494/590/513
f 528/883/798 787/940/853 805/933/846 606/589/512
f 787/940/853 586/939/852 785/934/847 805/933/846
f 782/926/841 806/929/844 784/932/845 585/927/842
f 526/935/848 656/571/494 806/929/844 782/926/841
f 656/571/494 498/570/493 652/930/719 806/929/844
f 657/894/809 807/925/840 783/928/843 527/895/810
f 494/590/513 604/936/849 807/925/840 657/894/809
f 604/936/849 526/935/848 782/926/841 807/925/840
f 605/585/508 808/921/836 642/924/839 491/586/509
f 527/895/810 783/928/843 808/921/836 605/585/508
f 783/928/843 585/927/842 781/922/837 808/921/836
f 778/914/829 809/917/832 780/920/835 584/915/830
f 521/972/876 651/973/877 809/917/832 778/914/829
f 651/973/877 483/974/878 681/918/833 809/917/832
f 630/714/629 810/913/828 779/916/831 552/715/630
f 487/975/879 599/976/880 810/913/828 630/714/629
f 599/976/880 521/972/876 778/914/829 810/913/828
f 682/642/560 811/909/824 628/912/827 506/643/561
f 552/715/630 779/916/831 811/909/824 682/642/560
f 779/916/831 584/915/830 777/910/825 811/909/824
f 774/902/817 812/905/820 776/908/823 583/903/818
f 532/977/881 662/978/882 812/905/820 774/902/817
f 662/978/882 486/979/883 609/906/821 812/905/820
f 663/980/884 813/901/816 775/904/819 533/981/885
f 490/982/886 610/983/887 813/901/816 663/980/884
f 610/983/887 532/977/881 774/902/817 813/901/816
f 611/984/888 814/897/812 664/900/815 488/985/889
f 533/981/885 775/904/819 814/897/812 611/984/888
f 775/904/819 583/903/818 773/898/813 814/897/812
f 770/890/805 815/893/808 772/896/811 582/891/806
f 520/875/790 650/591/514 815/893/808 770/890/805
f 650/591/514 494/590/513 657/894/809 815/893/808
f 599/976/880 816/889/804 771/892/807 521/972/876
f 487/975/879 598/876/791 816/889/804 599/976/880
f 598/876/791 520/875/790 770/890/805 816/889/804
f 651/973/877 817/885/800 653/888/803 483/974/878
f 521/972/876 771/892/807 817/885/800 651/973/877
f 771/892/807 582/891/806 769/886/801 817/885/800
f 766/878/793 818/881/796 768/884/799 581/879/794
f 517/863/778 647/595/518 818/881/796 766/878/793
f 647/595/518 493/594/517 658/882/797 818/881/796
f 596/986/890 819/877/792 767/880/795 518/987/891
f 489/988/892 595/864/779 819/877/792 596/986/890
f 595/864/779 517/863/778 766/878/793 819/877/792
f 648/989/893 820/873/788 598/876/791 487/975/879
f 518/987/891 767/880/795 820/873/788 648/989/893
f 767/880/795 581/879/794 765/874/789 820/873/788
f 762/866/781 821/869/784 764/872/787 580/867/782
f 514/851/766 644/599/522 821/869/784 762/866/781
f 644/599/522 492/598/521 659/870/785 821/869/784
f 593/990/894 822/865/780 763/868/783 515/991/895
f 485/992/896 592/852/767 822/865/780 593/990/894
f 592/852/767 514/851/766 762/866/781 822/865/780
f 645/993/897 823/861/776 595/864/779 489/988/892
f 515/991/895 763/868/783 823/861/776 645/993/897
f 763/868/783 580/867/782 761/862/777 823/861/776
f 758/854/769 824/857/772 760/860/775 579/855/770
f 523/994/802 601/995/510 824/857/772 758/854/769
f 601/995/510 491/970/509 660/858/773 824/857/772
f 589/996/898 825/853/768 759/856/771 511/997/899
f 483/998/878 653/999/803 825/853/768 589/996/898
f 653/999/803 523/994/802 758/854/769 825/853/768
f 641/1000/900 826/849/764 592/852/767 485/992/896
f 511/997/899 759/856/771 826/849/764 641/1000/900
f 759/856/771 579/855/770 757/850/765 826/849/764
f 754/842/757 827/845/760 756/848/763 578/843/758
f 546/755/670 676/628/546 827/845/760 754/842/757
f 676/628/546 500/627/545 666/846/761 827/845/760
f 617/810/725 828/841/756 755/844/759 539/811/726
f 499/615/533 624/756/671 828/841/756 617/810/725
f 624/756/671 546/755/670 754/842/757 828/841/756
f 669/610/530 829/837/752 643/840/755 495/611/497
f 539/811/726 755/844/759 829/837/752 669/610/530
f 755/844/759 578/843/758 753/838/753 829/837/752
f 750/830/745 830/833/748 752/836/751 577/831/746
f 545/767/682 675/624/542 830/833/748 750/830/745
f 675/624/542 501/623/541 667/834/749 830/833/748
f 666/846/761 831/829/744 751/832/747 536/847/762
f 500/627/545 623/768/683 831/829/744 666/846/761
f 623/768/683 545/767/682 750/830/745 831/829/744
f 614/601/524 832/825/740 646/828/743 496/602/485
f 536/847/762 751/832/747 832/825/740 614/601/524
f 751/832/747 577/831/746 749/826/741 832/825/740
f 746/818/733 833/821/736 748/824/739 576/819/734
f 544/779/694 674/620/538 833/821/736 746/818/733
f 674/620/538 502/619/537 668/822/737 833/821/736
f 667/834/749 834/817/732 747/820/735 537/835/750
f 501/623/541 622/780/695 834/817/732 667/834/749
f 622/780/695 544/779/694 746/818/733 834/817/732
f 615/605/526 835/813/728 649/816/731 497/566/489
f 537/835/750 747/820/735 835/813/728 615/605/526
f 747/820/735 576/819/734 745/814/729 835/813/728
f 742/806/721 836/809/724 744/812/727 575/807/722
f 543/791/706 673/616/534 836/809/724 742/806/721
f 673/616/534 499/615/533 617/810/725 836/809/724
f 668/822/737 837/805/720 743/808/723 538/823/738
f 502/619/537 621/792/707 837/805/720 668/822/737
f 621/792/707 543/791/706 742/806/721 837/805/720
f 616/608/528 838/801/716 652/804/719 498/570/493
f 538/823/738 743/808/723 838/801/716 616/608/528
f 743/808/723 575/807/722 741/802/717 838/801/716
f 738/794/709 839/797/712 740/800/715 574/795/710
f 534/899/814 612/583/506 839/797/712 738/794/709
f 612/583/506 484/582/505 613/798/713 839/797/712
f 672/786/701 840/793/708 739/796/711 542/787/702
f 488/985/889 664/900/815 840/793/708 672/786/701
f 664/900/815 534/899/814 738/794/709 840/793/708
f 620/618/536 841/789/704 621/792/707 502/619/537
f 542/787/702 739/796/711 841/789/704 620/618/536
f 739/796/711 574/795/710 737/790/705 841/789/704
f 734/782/697 842/785/700 736/788/703 573/783/698
f 533/981/885 611/984/888 842/785/700 734/782/697
f 611/984/888 488/985/889 672/786/701 842/785/700
f 671/774/689 843/781/696 735/784/699 541/775/690
f 490/982/886 663/980/884 843/781/696 671/774/689
f 663/980/884 533/981/885 734/782/697 843/781/696
f 619/622/540 844/777/692 622/780/695 501/623/541
f 541/775/690 735/784/699 844/777/692 619/622/540
f 735/784/699 573/783/698 733/778/693 844/777/692
f 730/770/685 845/773/688 732/776/691 572/771/686
f 532/977/881 610/983/887 845/773/688 730/770/685
f 610/983/887 490/982/886 671/774/689 845/773/688
f 670/762/677 846/769/684 731/772/687 540/763/678
f 486/979/883 662/978/882 846/769/684 670/762/677
f 662/978/882 532/977/881 730/770/685 846/769/684
f 618/626/544 847/765/680 623/768/683 500/627/545
f 540/763/678 731/772/687 847/765/680 618/626/544
f 731/772/687 572/771/686 729/766/681 847/765/680
f 726/758/673 848/761/676 728/764/679 571/759/674
f 531/907/822 609/906/821 848/761/676 726/758/673
f 609/906/821 486/979/883 670/762/677 848/761/676
f 613/798/713 849/757/672 727/760/675 535/799/714
f 484/582/505 661/581/504 849/757/672 613/798/713
f 661/581/504 531/907/822 726/758/673 849/757/672
f 665/614/532 850/753/668 624/756/671 499/615/533
f 535/799/714 727/760/675 850/753/668 665/614/532
f 727/760/675 571/759/674 725/754/669 850/753/668
f 722/746/661 851/749/664 724/752/667 570/747/662
f 547/719/634 677/640/558 851/749/664 722/746/661
f 677/640/558 503/639/557 689/750/665 851/749/664
f 638/1001/609 852/745/660 723/748/663 560/1002/610
f 504/1003/501 625/720/635 852/745/660 638/1001/609
f 625/720/635 547/719/634 722/746/661 852/745/660
f 690/1004/568 853/741/656 633/744/659 508/1005/569
f 560/1002/610 723/748/663 853/741/656 690/1004/568
f 723/748/663 570/747/662 721/742/657 853/741/656
f 718/734/649 854/737/652 720/740/655 569/735/650
f 515/991/895 645/993/897 854/737/652 718/734/649
f 645/993/897 489/988/892 683/738/653 854/737/652
f 632/726/641 855/733/648 719/736/651 554/727/642
f 485/992/896 593/990/894 855/733/648 632/726/641
f 593/990/894 515/991/895 718/734/649 855/733/648
f 684/638/556 856/729/644 626/732/647 503/639/557
f 554/727/642 719/736/651 856/729/644 684/638/556
f 719/736/651 569/735/650 717/730/645 856/729/644
f 714/722/637 857/725/640 716/728/643 568/723/638
f 511/997/899 641/1000/900 857/725/640 714/722/637
f 641/1000/900 485/992/896 632/726/641 857/725/640
f 681/1006/833 858/721/636 715/724/639 551/1007/834
f 483/998/878 589/996/898 858/721/636 681/1006/833
f 589/996/898 511/997/899 714/722/637 858/721/636
f 629/1008/500 859/717/632 625/720/635 504/1003/501
f 551/1007/834 715/724/639 859/717/632 629/1008/500
f 715/724/639 568/723/638 713/718/633 859/717/632
f 710/710/625 860/713/628 712/716/631 567/711/626
f 518/987/891 648/989/893 860/713/628 710/710/625
f 648/989/893 487/975/879 630/714/629 860/713/628
f 683/738/653 861/709/624 711/712/627 553/739/654
f 489/988/892 596/986/890 861/709/624 683/738/653
f 596/986/890 518/987/891 710/710/625 861/709/624
f 631/634/552 862/705/620 627/708/623 505/635/553
f 553/739/654 711/712/627 862/705/620 631/634/552
f 711/712/627 567/711/626 709/706/621 862/705/620
f 706/700/615 863/703/618 708/704/619 566/701/616
f 556/1009/591 686/1010/574 863/703/618 706/700/615
f 686/1010/574 509/655/573 635/662/580 863/703/618
f 685/1011/550 864/699/614 707/702/617 555/1012/658
f 507/1013/549 634/1014/592 864/699/614 685/1011/550
f 634/1014/592 556/1009/591 706/700/615 864/699/614
f 633/1015/659 865/695/612 688/698/570 508/1016/569
f 555/1012/658 707/702/617 865/695/612 633/1015/659
f 707/702/617 566/701/616 705/696/613 865/695/612
f 702/688/605 866/691/608 704/694/611 565/689/606
f 550/911/826 680/579/502 866/691/608 702/688/605
f 680/579/502 504/578/501 638/692/609 866/691/608
f 639/668/586 867/687/604 703/690/607 561/669/587
f 506/643/561 628/912/827 867/687/604 639/668/586
f 628/912/827 550/911/826 702/688/605 867/687/604
f 691/658/576 868/683/601 636/686/566 510/647/565
f 561/669/587 703/690/607 868/683/601 691/658/576
f 703/690/607 565/689/606 701/684/602 868/683/601
f 698/676/594 869/679/597 700/682/600 564/677/595
f 548/731/646 678/636/554 869/679/597 698/676/594
f 678/636/554 505/635/553 692/680/598 869/679/597
f 689/750/665 870/675/593 699/678/596 559/751/666
f 503/639/557 626/732/647 870/675/593 689/750/665
f 626/732/647 548/731/646 698/676/594 870/675/593
f 637/630/548 871/671/589 634/674/592 507/631/549
f 559/751/666 699/678/596 871/671/589 637/630/548
f 699/678/596 564/677/595 697/672/590 871/671/589
f 694/664/582 872/667/585 696/670/588 563/665/583
f 549/707/622 679/644/562 872/667/585 694/664/582
f 679/644/562 506/643/561 639/668/586 872/667/585
f 692/680/598 873/663/581 695/666/584 562/681/599
f 505/635/553 627/708/623 873/663/581 692/680/598
f 627/708/623 549/707/622 694/664/582 873/663/581
f 640/654/572 874/659/577 635/662/580 509/655/573
f 562/681/599 695/666/584 874/659/577 640/654/572
f 695/666/584 563/665/583 693/660/578 874/659/577
f 693/660/578 875/657/575 687/646/564 557/661/579
f 563/665/583 696/670/588 875/657/575 693/660/578
f 696/670/588 561/669/587 691/658/576 875/657/575
f 697/672/590 876/653/571 686/656/574 556/673/591
f 564/677/595 700/682/600 876/653/571 697/672/590
f 700/682/600 562/681/599 640/654/572 876/653/571
f 701/684/602 877/649/567 688/652/570 558/685/603
f 565/689/606 704/694/611 877/649/567 701/684/602
f 704/694/611 560/693/610 690/650/568 877/649/567
f 705/696/613 878/645/563 636/648/566 558/697/603
f 566/701/616 708/704/619 878/645/563 705/696/613
f 708/704/619 557/661/579 687/646/564 878/645/563
f 709/706/621 879/641/559 679/644/562 549/707/622
f 567/711/626 712/716/631 879/641/559 709/706/621
f 712/716/631 552/715/630 682/642/560 879/641/559
f 713/718/633 880/637/555 677/640/558 547/719/634
f 568/723/638 716/728/643 880/637/555 713/718/633
f 716/728/643 554/727/642 684/638/556 880/637/555
f 717/730/645 881/633/551 678/636/554 548/731/646
f 569/735/650 720/740/655 881/633/551 717/730/645
f 720/740/655 553/739/654 631/634/552 881/633/551
f 721/742/657 882/629/547 685/632/550 555/743/658
f 570/747/662 724/752/667 882/629/547 721/742/657
f 724/752/667 559/751/666 637/630/548 882/629/547
f 725/754/669 883/625/543 676/628/546 546/755/670
f 571/759/674 728/764/679 883/625/543 725/754/669
f 728/764/679 540/763/678 618/626/544 883/625/543
f 729/766/681 884/621/539 675/624/542 545/767/682
f 572/771/686 732/776/691 884/621/539 729/766/681
f 732/776/691 541/775/690 619/622/540 884/621/539
f 733/778/693 885/617/535 674/620/538 544/779/694
f 573/783/698 736/788/703 885/617/535 733/778/693
f 736/788/703 542/787/702 620/618/536 885/617/535
f 737/790/705 886/613/531 673/616/534 543/791/706
f 574/795/710 740/800/715 886/613/531 737/790/705
f 740/800/715 535/799/714 665/614/532 886/613/531
f 741/802/717 887/609/529 600/612/496 522/803/718
f 575/807/722 744/812/727 887/609/529 741/802/717
f 744/812/727 539/811/726 669/610/530 887/609/529
f 745/814/729 888/607/527 597/569/492 519/815/730
f 576/819/734 748/824/739 888/607/527 745/814/729
f 748/824/739 538/823/738 616/608/528 888/607/527
f 749/826/741 889/604/525 594/606/488 516/827/742
f 577/831/746 752/836/751 889/604/525 749/826/741
f 752/836/751 537/835/750 615/605/526 889/604/525
f 753/838/753 890/600/523 591/603/484 513/839/754
f 578/843/758 756/848/763 890/600/523 753/838/753
f 756/848/763 536/847/762 614/601/524 890/600/523
f 757/850/765 891/596/519 644/599/522 514/851/766
f 579/855/770 760/860/775 891/596/519 757/850/765
f 760/860/775 530/859/774 608/597/520 891/596/519
f 761/862/777 892/592/515 647/595/518 517/863/778
f 580/867/782 764/872/787 892/592/515 761/862/777
f 764/872/787 529/871/786 607/593/516 892/592/515
f 765/874/789 893/588/511 650/591/514 520/875/790
f 581/879/794 768/884/799 893/588/511 765/874/789
f 768/884/799 528/883/798 606/589/512 893/588/511
f 769/886/801 894/584/507 601/587/510 523/887/802
f 582/891/806 772/896/811 894/584/507 769/886/801
f 772/896/811 527/895/810 605/585/508 894/584/507
f 773/898/813 895/580/503 612/583/506 534/899/814
f 583/903/818 776/908/823 895/580/503 773/898/813
f 776/908/823 531/907/822 661/581/504 895/580/503
f 777/910/825 896/576/499 680/579/502 550/911/826
f 584/915/830 780/920/835 896/576/499 777/910/825
f 780/920/835 551/919/834 629/577/500 896/576/499
f 781/922/837 897/572/495 590/575/498 512/923/838
f 585/927/842 784/932/845 897/572/495 781/922/837
f 784/932/845 522/931/718 600/573/496 897/572/495
f 785/934/847 898/568/491 656/571/494 526/935/848
f 586/939/852 788/942/855 898/568/491 785/934/847
f 788/942/855 519/815/730 597/569/492 898/568/491
f 789/944/857 899/564/487 655/567/490 525/945/858
f 587/949/862 792/954/865 899/564/487 789/944/857
f 792/954/865 516/953/742 594/565/488 899/564/487
f 793/956/867 900/560/483 654/563/486 524/957/868
f 588/961/872 796/966/875 900/560/483 793/956/867
f 796/966/875 513/965/754 591/561/484 900/560/483
o Cube.001_Cube.002
v 0.935582 0.933268 0.323952
v 0.935582 3.437913 0.323952
v 0.935582 0.933268 -0.323952
v 0.935582 3.437913 -0.323952
v 1.583486 0.933268 0.323952
v 1.583486 3.437913 0.323952
v 1.583486 0.933268 -0.323952
v 1.583486 3.437913 -0.323952
vt 0.375000 0.000000
vt 0.625000 0.000000
vt 0.625000 0.250000
vt 0.375000 0.250000
vt 0.625000 0.500000
vt 0.375000 0.500000
vt 0.625000 0.750000
vt 0.375000 0.750000
vt 0.625000 1.000000
vt 0.375000 1.000000
vt 0.125000 0.500000
vt 0.125000 0.750000
vt 0.875000 0.500000
vt 0.875000 0.750000
vn -1.0000 0.0000 0.0000
vn 0.0000 0.0000 -1.0000
vn 1.0000 0.0000 0.0000
vn 0.0000 0.0000 1.0000
vn 0.0000 -1.0000 0.0000
vn 0.0000 1.0000 0.0000
usemtl None
s off
f 901/1017/901 902/1018/901 904/1019/901 903/1020/901
f 903/1020/902 904/1019/902 908/1021/902 907/1022/902
f 907/1022/903 908/1021/903 906/1023/903 905/1024/903
f 905/1024/904 906/1023/904 902/1025/904 901/1026/904
f 903/1027/905 907/1022/905 905/1024/905 901/1028/905
f 908/1021/906 904/1029/906 902/1030/906 906/1023/906
o Cube.002_Cube.003
v 0.935582 -1.498246 0.323952
v 0.935582 1.006399 0.323952
v 0.935582 -1.498246 -0.323952
v 0.935582 1.006399 -0.323952
v 1.583486 -1.498246 0.323952
v 1.583486 1.006399 0.323952
v 1.583486 -1.498246 -0.323952
v 1.583486 1.006399 -0.323952
vt 0.375000 0.000000
vt 0.625000 0.000000
vt 0.625000 0.250000
vt 0.375000 0.250000
vt 0.625000 0.500000
vt 0.375000 0.500000
vt 0.625000 0.750000
vt 0.375000 0.750000
vt 0.625000 1.000000
vt 0.375000 1.000000
vt 0.125000 0.500000
vt 0.125000 0.750000
vt 0.875000 0.500000
vt 0.875000 0.750000
vn -1.0000 0.0000 0.0000
vn 0.0000 0.0000 -1.0000
vn 1.0000 0.0000 0.0000
vn 0.0000 0.0000 1.0000
vn 0.0000 -1.0000 0.0000
vn 0.0000 1.0000 0.0000
usemtl None
s off
f 909/1031/907 910/1032/907 912/1033/907 911/1034/907
f 911/1034/908 912/1033/908 916/1035/908 915/1036/908
f 915/1036/909 916/1035/909 914/1037/909 913/1038/909
f 913/1038/910 914/1037/910 910/1039/910 909/1040/910
f 911/1041/911 915/1036/911 913/1038/911 909/1042/911
f 916/1035/912 912/1043/912 910/1044/912 914/1037/912
o Cube.005_Cube.006
v -0.323952 -2.504645 0.323952
v -0.000000 0.000001 0.000000
v -0.323952 -2.504645 -0.323952
v 0.323952 -2.504645 0.323952
v 0.323952 -2.504645 -0.323952
v -0.323952 0.000001 0.323952
v -0.323952 0.000001 -0.323952
v 0.323952 0.000001 -0.323952
v 0.323952 0.000001 0.323952
vt 0.375000 0.000000
vt 0.625000 0.000000
vt 0.625000 0.250000
vt 0.375000 0.250000
vt 0.625000 0.500000
vt 0.375000 0.500000
vt 0.625000 0.750000
vt 0.375000 0.750000
vt 0.625000 1.000000
vt 0.375000 1.000000
vt 0.125000 0.500000
vt 0.125000 0.750000
vt 0.875000 0.500000
vt 0.875000 0.500000
vt 0.875000 0.750000
vt 0.625000 0.500000
vt 0.625000 0.750000
vt 0.875000 0.750000
vn -1.0000 0.0000 0.0000
vn 0.0000 0.0000 -1.0000
vn 1.0000 0.0000 0.0000
vn 0.0000 0.0000 1.0000
vn 0.0000 -1.0000 0.0000
vn 0.0000 1.0000 0.0000
usemtl None
s off
f 917/1045/913 922/1046/913 923/1047/913 919/1048/913
f 919/1048/914 923/1047/914 924/1049/914 921/1050/914
f 921/1050/915 924/1049/915 925/1051/915 920/1052/915
f 920/1052/916 925/1051/916 922/1053/916 917/1054/916
f 919/1055/917 921/1050/917 920/1052/917 917/1056/917
f 918/1057/918 923/1058/918 922/1059/918
f 918/1060/918 924/1049/918 923/1058/918
f 918/1061/918 925/1051/918 924/1049/918
f 918/1062/918 922/1059/918 925/1051/918
o Cube.006_Cube.007
v -1.704434 -1.498246 0.323952
v -1.704434 1.006399 0.323952
v -1.704434 -1.498246 -0.323952
v -1.704434 1.006399 -0.323952
v -1.056529 -1.498246 0.323952
v -1.056529 1.006399 0.323952
v -1.056529 -1.498246 -0.323952
v -1.056529 1.006399 -0.323952
vt 0.375000 0.000000
vt 0.625000 0.000000
vt 0.625000 0.250000
vt 0.375000 0.250000
vt 0.625000 0.500000
vt 0.375000 0.500000
vt 0.625000 0.750000
vt 0.375000 0.750000
vt 0.625000 1.000000
vt 0.375000 1.000000
vt 0.125000 0.500000
vt 0.125000 0.750000
vt 0.875000 0.500000
vt 0.875000 0.750000
vn -1.0000 0.0000 0.0000
vn 0.0000 0.0000 -1.0000
vn 1.0000 0.0000 0.0000
vn 0.0000 0.0000 1.0000
vn 0.0000 -1.0000 0.0000
vn 0.0000 1.0000 0.0000
usemtl None
s off
f 926/1063/919 927/1064/919 929/1065/919 928/1066/919
f 928/1066/920 929/1065/920 933/1067/920 932/1068/920
f 932/1068/921 933/1067/921 931/1069/921 930/1070/921
f 930/1070/922 931/1069/922 927/1071/922 926/1072/922
f 928/1073/923 932/1068/923 930/1070/923 926/1074/923
f 933/1067/924 929/1075/924 927/1076/924 931/1069/924
