# Blender v3.1.2 OBJ File: ''
# www.blender.org
mtllib untitled.mtl
o FabConvert.com_auvres
v -15.594706 10.456627 2.451916
v -15.565677 10.540785 2.560302
v -15.565677 10.456627 2.560302
v -15.594706 10.540785 2.451916
v -15.565677 10.091942 2.560302
v -15.543887 10.456627 2.641593
v -15.543887 10.091942 2.641593
v -15.543887 10.540785 2.641593
v -15.543887 10.652994 2.641593
v -15.565677 10.652994 2.560302
v -15.514844 10.540785 2.749980
v -15.514844 10.456627 2.749980
v -3.937656 14.587393 -2.925986
v -3.876057 16.551073 -0.528352
v -4.479591 14.587393 -2.780775
v -3.334121 16.551073 -0.673564
v 6.769972 7.943727 -3.380851
v 5.538868 5.610535 -0.292066
v 4.849114 8.247489 -2.866260
v 7.380269 5.610536 -1.103190
v -1.953500 5.947163 6.646720
v -2.444384 2.356420 6.363306
v -1.953500 2.356420 6.646718
v -2.444384 5.947163 6.363308
v 1.238303 3.646852 -6.887327
v 0.131384 0.000005 -7.033058
v 1.238303 0.000004 -6.887329
v 0.131384 3.646852 -7.033055
v -2.541050 7.630322 7.097564
v -1.806795 5.947162 7.194230
v -2.090207 5.947162 7.685113
v 8.325484 0.000002 -2.757528
v 8.065454 5.610538 -3.727975
v 8.325484 5.610537 -2.757524
v 7.805422 0.000003 -4.698431
v 7.805422 5.610538 -4.698427
v -15.625173 10.652994 2.663375
v -15.565677 10.652994 2.560302
v -15.646963 10.652994 2.582085
v -15.543887 10.652994 2.641593
v 0.508934 4.728562 -5.624021
v 1.584367 3.646851 -4.750493
v 0.886483 3.646851 -4.214987
v 1.772239 3.646851 -4.894651
v -12.169434 6.098091 -1.065171
v -11.204787 5.049482 -1.323648
v -12.169434 5.049482 -1.065172
v -11.204787 6.098092 -1.323647
v -12.167150 6.177887 -1.065782
v -11.208666 6.177452 -1.322608
v -11.220004 6.256040 -1.319569
v -12.157069 6.257031 -1.068484
v -11.238696 6.333109 -1.314561
v -12.139292 6.334712 -1.073247
v -11.264562 6.407923 -1.307631
v -12.113998 6.410126 -1.080024
v -11.297354 6.479767 -1.298844
v -12.085908 6.472594 -1.087551
v -12.081454 6.482499 -1.088745
v -11.336758 6.547957 -1.288285
v -12.041992 6.551083 -1.099319
v -11.382401 6.611840 -1.276055
v -11.996018 6.615173 -1.111637
v -11.433847 6.670810 -1.262270
v -11.944007 6.674110 -1.125573
v -11.490603 6.724301 -1.247062
v -11.886495 6.727285 -1.140984
v -11.552133 6.771805 -1.230576
v -11.824070 6.774152 -1.157710
v -11.617843 6.812869 -1.212969
v -11.757379 6.814227 -1.175580
v -11.687110 6.847097 -1.194409
v -1.735586 -0.026925 -8.798100
v -3.046695 3.477575 -8.446788
v -5.800107 0.000005 -7.709016
v -1.735586 7.013175 -8.798096
v -3.046695 5.721791 -8.446786
v -3.067008 5.881523 -8.441345
v -3.126561 6.030370 -8.425387
v -3.221297 6.158187 -8.400002
v -3.344760 6.256265 -8.366920
v -3.488534 6.317920 -8.328397
v -3.642825 6.338948 -8.287055
v -4.238955 3.477575 -8.127324
v -5.800107 7.013175 -7.709012
v -4.238955 5.721790 -8.127322
v -4.218642 5.881523 -8.132765
v -4.159089 6.030369 -8.148721
v -4.064353 6.158187 -8.174106
v -3.940889 6.256265 -8.207188
v -3.797115 6.317920 -8.245712
v -3.767847 8.696335 -8.253554
v -15.596130 10.540785 2.771762
v -15.543887 10.540785 2.641593
v -15.625173 10.540785 2.663375
v -15.514844 10.540785 2.749980
v 4.159360 6.339908 -5.440458
v 4.307178 8.976859 -2.721048
v 3.617424 6.339908 -5.295248
v 4.849114 8.976859 -2.866259
v -10.840707 6.056071 4.100943
v -9.876060 5.007463 3.842467
v -10.840707 5.007463 4.100943
v -9.876060 6.056071 3.842468
v -10.838425 6.135867 4.100332
v -9.879939 6.135431 3.843507
v -9.891278 6.214021 3.846545
v -10.828342 6.215013 4.097630
v -9.909969 6.291090 3.851554
v -10.810563 6.292692 4.092868
v -9.935835 6.365903 3.858484
v -10.785273 6.368107 4.086090
v -9.968625 6.437748 3.867271
v -10.757181 6.430575 4.078563
v -10.752728 6.440478 4.077370
v -10.008031 6.505937 3.877830
v -10.713264 6.509063 4.066796
v -10.053674 6.569821 3.890060
v -10.667290 6.573153 4.054478
v -10.105119 6.628789 3.903844
v -10.615279 6.632090 4.040541
v -10.161877 6.682282 3.919053
v -10.557766 6.685265 4.025131
v -10.223405 6.729786 3.935538
v -10.495343 6.732132 4.008404
v -10.289117 6.770848 3.953147
v -10.428653 6.772208 3.990535
v -10.358384 6.805079 3.971705
v 5.834503 -0.000003 5.146746
v 6.598911 5.947165 3.664068
v 5.834503 5.947164 5.146749
v 6.598911 -0.000002 3.664064
v 4.469947 3.783770 5.512380
v 4.135278 3.783770 5.602054
v 4.302613 3.760961 5.557217
v 4.625878 3.850636 5.470598
v 3.979348 3.850636 5.643836
v 4.759778 3.957006 5.434721
v 3.845448 3.957006 5.679715
v 4.862525 4.095631 5.407189
v 3.742701 4.095630 5.707245
v 4.927113 4.257061 5.389884
v 3.678112 4.257061 5.724553
v 4.949142 4.430298 5.383981
v 3.656083 4.430298 5.730455
v 4.927113 4.603536 5.389884
v 3.678112 4.603536 5.724553
v 4.862525 4.764967 5.407190
v 3.742701 4.764967 5.707246
v 4.759778 4.903592 5.434721
v 3.845448 4.903591 5.679716
v 4.625878 5.009962 5.470599
v 3.979348 5.009962 5.643837
v 4.469947 5.076828 5.512381
v 4.135278 5.076828 5.602055
v 4.302613 5.099635 5.557218
v -15.514844 10.540785 2.749980
v -15.596130 10.456627 2.771762
v -15.514844 10.456627 2.749980
v -15.596130 10.540785 2.771762
v -9.693345 2.049397 -4.706699
v -9.069133 1.193457 -4.891638
v -9.697766 1.193457 -4.723197
v -9.064713 2.049397 -4.875140
v -9.690482 2.114176 -4.706128
v -9.065865 2.114532 -4.873486
v -9.682762 2.178326 -4.706871
v -9.072100 2.179135 -4.870481
v -9.670256 2.241234 -4.708922
v -9.083359 2.242542 -4.866154
v -9.653086 2.302302 -4.712262
v -9.099521 2.304100 -4.860552
v -9.631414 2.360945 -4.716857
v -9.117564 2.355091 -4.854663
v -9.120426 2.363174 -4.853730
v -9.605447 2.416605 -4.722666
v -9.145852 2.419156 -4.845760
v -9.575433 2.468752 -4.729630
v -9.175542 2.471472 -4.836725
v -9.541658 2.516885 -4.737686
v -9.209188 2.519579 -4.826715
v -9.504446 2.560549 -4.746756
v -9.246444 2.562985 -4.815835
v -9.464149 2.599324 -4.756751
v -9.286926 2.601240 -4.804198
v -9.421154 2.632842 -4.767578
v -9.330217 2.633952 -4.791923
v -9.375871 2.660784 -4.779136
v -1.735586 7.013175 -8.798096
v -3.622636 8.696334 -7.711617
v -3.767847 8.696335 -8.253554
v -1.590375 7.013175 -8.256160
v 5.538868 5.947167 -0.292065
v 6.598911 -0.000002 3.664064
v 6.598911 5.947165 3.664068
v 5.538868 0.000000 -0.292069
v 5.538868 5.610535 -0.292066
v 1.238303 3.646852 -6.887327
v 1.917968 0.000004 -6.001573
v 1.917968 3.646852 -6.001571
v 1.238303 0.000004 -6.887329
v -15.594706 10.456627 2.451916
v -15.646963 10.456627 2.582085
v -15.676005 10.456627 2.473698
v -15.565677 10.456627 2.560302
v -2.541050 7.630322 7.097564
v -2.991893 5.947163 6.510013
v -2.444384 5.947163 6.363308
v -1.806795 5.947162 7.194230
v -2.090207 2.356419 7.685111
v -2.090207 5.947162 7.685113
v -1.806795 2.356419 7.194228
v -16.488400 5.049481 0.092093
v -5.304678 3.142935 -5.860048
v -17.227272 3.142932 -2.665399
v -15.126867 5.049481 -0.272728
v -14.162226 5.049482 -0.531204
v -12.169434 5.049482 -1.065172
v -11.204787 5.049482 -1.323648
v -9.241669 5.049483 -1.849664
v -8.277021 5.049483 -2.108140
v -6.209569 5.049483 -2.662113
v -5.244924 5.049483 -2.920588
v -4.565811 5.049483 -3.102556
v 5.834503 5.947164 5.146749
v 5.389586 -0.000003 5.265962
v 5.834503 -0.000003 5.146746
v 4.862525 4.095631 5.407189
v 4.759778 3.957006 5.434721
v 4.625878 3.850636 5.470598
v -1.535827 -0.000005 7.121620
v 4.469947 3.783770 5.512380
v 0.821595 2.849586 6.489953
v -1.535827 2.356420 7.121622
v -1.806795 2.356419 7.194228
v 4.302613 3.760961 5.557217
v 4.927113 4.257061 5.389884
v 4.949142 4.430298 5.383981
v 4.927113 4.603536 5.389884
v 4.862525 4.764967 5.407190
v 4.759778 4.903592 5.434721
v 4.625878 5.009962 5.470599
v 4.469947 5.076828 5.512381
v 4.302613 5.099635 5.557218
v 0.801282 5.253533 6.495397
v 0.741728 5.402380 6.511354
v 0.646992 5.530198 6.536738
v 0.523530 5.628276 6.569820
v 0.379755 5.689930 6.608346
v 0.225465 5.710958 6.649687
v -0.370665 2.849586 6.809418
v -1.806795 5.947162 7.194230
v -0.370665 5.093800 6.809420
v -0.350352 5.253533 6.803977
v -0.290798 5.402380 6.788019
v -0.196062 5.530198 6.762634
v -0.072600 5.628276 6.729553
v 0.071175 5.689930 6.691029
v 2.257725 5.947163 6.105145
v 2.257725 6.227691 6.105145
v -1.806795 6.227690 7.194231
v 0.225465 8.696324 6.649689
v 4.135278 3.783770 5.602054
v 0.821595 5.093800 6.489954
v 3.979348 3.850636 5.643836
v 3.845448 3.957006 5.679715
v 3.742701 4.095630 5.707245
v 3.678112 4.257061 5.724553
v 3.656083 4.430298 5.730455
v 3.678112 4.603536 5.724553
v 3.742701 4.764967 5.707246
v 3.845448 4.903591 5.679716
v 3.979348 5.009962 5.643837
v 4.135278 5.076828 5.602055
v -15.543887 10.652994 2.641593
v -15.625173 10.540785 2.663375
v -15.543887 10.540785 2.641593
v -15.625173 10.652994 2.663375
v 0.131384 3.646852 -7.033055
v -1.169262 0.000004 -6.684551
v 0.131384 0.000005 -7.033058
v -1.169262 3.646852 -6.684549
v 6.598911 5.947165 3.664068
v 4.047756 8.415801 3.464328
v 5.834503 5.947164 5.146749
v -4.565811 7.574223 -3.102555
v -2.533550 8.415805 -3.647097
v -4.565811 6.732643 -3.102556
v -4.565811 14.587393 -3.102550
v -4.023874 14.026340 -3.247762
v -4.023874 14.587393 -3.247761
v -0.501290 14.587394 -4.191635
v -0.501290 6.732644 -4.191640
v -1.043226 14.026341 -4.046424
v -1.043226 14.587394 -4.046423
v -3.186303 14.587390 2.045843
v -2.730587 14.587390 1.578857
v -3.272521 14.587390 1.724068
v -2.644367 14.587390 1.900632
v -2.953021 3.171762 7.649775
v -2.862869 2.677473 7.701825
v -2.953021 2.677473 7.649775
v -2.862869 3.171762 7.701825
v 2.112514 5.947163 5.563208
v 2.257725 6.227691 6.105145
v 2.257725 5.947163 6.105145
v 2.112514 6.227691 5.563208
v -1.952006 6.227690 6.652294
v 0.080254 8.415799 6.107753
v -1.952006 5.947163 6.652294
v 0.080254 8.696325 6.107753
v 2.112514 6.227691 5.563208
v 2.112514 5.947163 5.563208
v -16.488400 7.854749 0.092095
v -16.454739 7.574498 0.083075
v -16.488400 7.574498 0.092095
v -15.946470 7.574498 -0.053117
v -15.946470 7.854749 -0.053116
v -15.646963 10.652994 2.582085
v -15.565677 10.540785 2.560302
v -15.646963 10.540785 2.582085
v -15.565677 10.652994 2.560302
v 1.917968 3.646852 -6.001571
v 0.508934 4.728562 -5.624021
v 1.238303 3.646852 -6.887327
v 4.307178 8.584120 -2.721049
v 4.996932 6.339905 -0.146854
v 4.996932 5.947167 -0.146854
v 4.307178 8.976859 -2.721048
v 3.617424 5.947170 -5.295248
v 3.617424 6.339908 -5.295248
v -3.275305 2.356420 7.000895
v -3.128600 5.947162 7.548406
v -3.128600 2.356419 7.548403
v -3.275305 5.947162 7.000897
v 4.307178 8.584120 -2.721049
v 0.878218 5.947166 0.956752
v 0.188464 8.584119 -1.617443
v 4.996932 5.947167 -0.146854
v -2.946041 5.190033 7.653807
v -2.855889 4.695744 7.705855
v -2.946041 4.695745 7.653806
v -2.855889 5.190032 7.705855
v -4.238955 5.721790 -8.127322
v -3.046695 3.477575 -8.446788
v -4.238955 3.477575 -8.127324
v -3.046695 5.721791 -8.446786
v -4.218642 5.881523 -8.132765
v -3.067008 5.881523 -8.441345
v -4.159089 6.030369 -8.148721
v -3.126561 6.030370 -8.425387
v -4.064353 6.158187 -8.174106
v -3.221297 6.158187 -8.400002
v -3.940889 6.256265 -8.207188
v -3.344760 6.256265 -8.366920
v -3.797115 6.317920 -8.245712
v -3.488534 6.317920 -8.328397
v -3.642825 6.338948 -8.287055
v -14.566955 7.574218 5.095277
v -3.876057 9.811417 -0.528357
v -15.256720 9.811415 2.521081
v -3.186303 7.574220 2.045838
v -3.275305 5.947162 7.000897
v -2.541050 7.630322 7.097564
v -3.128600 5.947162 7.548406
v -16.488400 5.049481 0.092093
v -16.582638 1.109065 -0.259592
v -16.488400 -0.000000 0.092090
v -16.588369 1.167720 -0.280961
v -16.751795 2.791670 -0.890892
v -16.758678 2.847342 -0.916571
v -16.766644 2.899499 -0.946315
v -16.775621 2.947643 -0.979841
v -16.785542 2.991315 -1.016828
v -16.796288 3.030098 -1.056924
v -16.807758 3.063623 -1.099746
v -16.819857 3.091569 -1.144885
v -17.227272 3.142932 -2.665399
v -16.578121 1.047985 -0.242736
v -16.574860 0.985064 -0.230556
v -16.572878 0.920902 -0.223167
v -16.572195 0.856111 -0.220639
v -16.595238 1.223392 -0.306640
v -16.603218 1.275548 -0.336385
v -16.746067 2.733015 -0.869522
v -16.612196 1.323692 -0.369910
v -16.622114 1.367364 -0.406898
v -16.632858 1.406148 -0.446993
v -16.644331 1.439672 -0.489815
v -16.741549 2.671935 -0.852667
v -16.656414 1.467619 -0.534954
v -16.668686 1.440782 -0.580747
v -16.738285 2.609015 -0.840487
v -16.680344 1.408063 -0.624207
v -16.691229 1.369800 -0.664887
v -16.736305 2.544852 -0.833097
v -16.701277 1.326387 -0.702367
v -16.710354 1.278270 -0.736261
v -16.718391 1.225944 -0.766221
v -16.735636 2.480062 -0.830570
v -16.725275 1.169950 -0.791937
v -16.726059 1.161865 -0.794840
v -16.730961 1.110864 -0.813146
v -16.735378 1.049294 -0.829628
v -16.832129 3.064732 -1.190678
v -16.843771 3.032014 -1.234138
v -16.854671 2.993750 -1.274818
v -16.864706 2.950337 -1.312297
v -16.873796 2.902221 -1.346192
v -16.881819 2.849895 -1.376151
v -16.888702 2.793901 -1.401868
v -16.889486 2.785816 -1.404770
v -16.894390 2.734814 -1.423077
v -16.898806 2.673245 -1.439559
v -16.901913 2.609825 -1.451145
v -16.903681 2.545209 -1.457714
v -16.904079 2.480062 -1.459202
v -16.904079 1.623952 -1.459203
v -16.735636 1.623952 -0.830570
v -16.738485 0.985874 -0.841214
v -16.740238 0.921258 -0.847784
v -16.740637 0.856111 -0.849271
v -16.740637 0.000001 -0.849271
v -17.243504 0.000002 -2.725978
v -16.572195 0.000000 -0.220639
v -15.256720 9.811415 2.521081
v -4.565811 7.574223 -3.102555
v -15.946470 7.574221 -0.053117
v -3.876057 9.811417 -0.528357
v 0.508934 4.728562 -5.624021
v 0.886483 3.646851 -4.214987
v 0.799357 5.560647 -4.540149
v 4.159360 6.339908 -5.440458
v 3.617424 5.947170 -5.295248
v 4.159360 5.610538 -5.440459
v 3.617424 6.339908 -5.295248
v 1.584367 0.000003 -4.750495
v 4.159360 0.000004 -5.440463
v 1.584367 3.646851 -4.750493
v -0.501290 3.646850 -4.191642
v -0.501290 5.560647 -4.191640
v -0.501290 5.947170 -4.191640
v -15.213155 9.950644 2.683662
v -15.108897 7.854745 5.240489
v -15.755084 9.950644 2.828873
v -14.566955 7.854745 5.095277
v -5.846801 1.140050 5.779108
v -7.307052 -0.000004 6.170381
v -5.846801 -0.000004 5.779107
v -7.307052 1.140050 6.170382
v -5.852674 1.226331 5.780682
v -7.303598 1.226804 6.169456
v -5.869839 1.311773 5.785282
v -7.288336 1.312852 6.165367
v -5.898132 1.395563 5.792862
v -7.261423 1.397305 6.158154
v -5.937286 1.476901 5.803353
v -7.223137 1.479296 6.147897
v -5.986925 1.555010 5.816655
v -7.180614 1.547212 6.136502
v -7.173872 1.557980 6.134696
v -6.046576 1.629146 5.832637
v -7.114136 1.632545 6.118690
v -6.115669 1.698601 5.851151
v -7.044542 1.702225 6.100041
v -6.193545 1.762712 5.872018
v -6.965808 1.766301 6.078946
v -6.279463 1.820870 5.895040
v -6.878746 1.824113 6.055617
v -6.372602 1.872516 5.919996
v -6.784252 1.875067 6.030298
v -6.472072 1.917159 5.946650
v -6.683300 1.918637 6.003248
v -6.576926 1.954375 5.974745
v -15.021769 4.829372 5.565647
v -4.851003 5.049480 2.491891
v -15.108897 5.049478 5.240487
v -14.541090 3.615062 7.359543
v -14.353792 3.141894 8.058552
v -2.431204 3.141896 4.863903
v -3.886356 5.049480 2.233415
v -3.186303 5.049480 2.045837
v -3.083247 1.275318 8.697942
v -3.514740 0.687683 8.813559
v -3.083247 0.687684 8.697941
v -3.514740 1.275318 8.813560
v -3.084981 1.319790 8.698406
v -3.513718 1.320035 8.813286
v -3.090053 1.363831 8.699766
v -3.509209 1.364387 8.812079
v -3.098414 1.407020 8.702006
v -3.501256 1.407919 8.809947
v -3.109984 1.448946 8.705106
v -3.489944 1.450180 8.806916
v -3.124651 1.489206 8.709036
v -3.477378 1.485187 8.803548
v -3.475387 1.490738 8.803015
v -3.142278 1.527419 8.713759
v -3.457734 1.529172 8.798286
v -3.162695 1.563220 8.719230
v -3.437171 1.565087 8.792775
v -3.185707 1.596266 8.725396
v -3.413905 1.598114 8.786542
v -3.211095 1.626242 8.732199
v -3.388179 1.627914 8.779649
v -3.238616 1.652863 8.739573
v -3.360256 1.654178 8.772165
v -3.268010 1.675875 8.747449
v -3.330425 1.676636 8.764173
v -3.298994 1.695056 8.755751
v -15.646963 10.540785 2.582085
v -15.594706 10.540785 2.451916
v -15.676005 10.540785 2.473698
v -15.565677 10.540785 2.560302
v 5.113970 5.947168 -1.877801
v 4.047756 8.415801 3.464328
v 2.562815 8.415804 -2.077542
v 6.598911 5.947165 3.664068
v 5.538868 5.947167 -0.292065
v -2.637716 5.947162 7.831818
v -2.090207 2.356419 7.685111
v -2.637716 2.356419 7.831816
v -2.090207 5.947162 7.685113
v -15.300270 10.091942 2.358500
v -15.842214 9.950644 2.503712
v -15.300270 9.950644 2.358500
v -15.842214 10.091942 2.503713
v -6.574700 2.188552 5.974149
v -6.795755 2.188552 6.033380
v -6.685228 2.173488 6.003765
v -6.471704 2.232720 5.946551
v -6.898749 2.232719 6.060977
v -6.383261 2.302979 5.922852
v -6.987195 2.302979 6.084676
v -6.315395 2.394543 5.904668
v -7.055061 2.394542 6.102860
v -6.272734 2.501171 5.893238
v -7.097722 2.501171 6.114293
v -6.258183 2.615597 5.889338
v -7.112273 2.615597 6.118192
v -6.272734 2.730026 5.893238
v -7.097722 2.730025 6.114293
v -6.315395 2.836654 5.904669
v -7.055061 2.836654 6.102861
v -6.383261 2.928218 5.922853
v -6.987195 2.928218 6.084677
v -6.471704 2.998477 5.946552
v -6.898749 2.998477 6.060978
v -6.574700 3.042644 5.974149
v -6.795755 3.042644 6.033380
v -6.685228 3.057709 6.003766
v -7.847244 6.103100 3.298848
v -6.882598 5.054493 3.040371
v -7.847244 5.054492 3.298847
v -6.882598 6.103101 3.040372
v -7.844963 6.182896 3.298237
v -6.886477 6.182460 3.041411
v -6.897816 6.261050 3.044449
v -7.834881 6.262042 3.295535
v -6.916508 6.338119 3.049459
v -7.817103 6.339722 3.290772
v -6.942373 6.412932 3.056389
v -7.791811 6.415135 3.283995
v -6.975164 6.484776 3.065176
v -7.763720 6.477603 3.276468
v -7.759266 6.487508 3.275275
v -7.014569 6.552966 3.075734
v -7.719802 6.556093 3.264701
v -7.060212 6.616851 3.087964
v -7.673830 6.620183 3.252382
v -7.111659 6.675819 3.101749
v -7.621817 6.679120 3.238445
v -7.168417 6.729311 3.116957
v -7.564304 6.732295 3.223036
v -7.229943 6.776815 3.133443
v -7.501882 6.779161 3.206309
v -7.295654 6.817878 3.151051
v -7.435193 6.819237 3.188439
v -7.364922 6.852108 3.169611
v -15.842214 10.091942 2.503713
v -15.646963 10.091942 2.582085
v -15.755084 10.091942 2.828873
v -15.300270 10.091942 2.358500
v -15.565677 10.091942 2.560302
v -15.543887 10.091942 2.641593
v -15.625173 10.091942 2.663375
v -15.213155 10.091942 2.683663
v -1.590375 0.000005 -8.256165
v -1.169262 3.646852 -6.684549
v -1.169262 0.000004 -6.684551
v -0.501290 5.947170 -4.191640
v -0.501290 5.560647 -4.191640
v -0.501290 6.732644 -4.191640
v -1.590375 6.732646 -8.256160
v -1.735586 -0.026925 -8.798100
v -1.590375 7.013175 -8.256160
v -1.735586 7.013175 -8.798096
v -2.030689 1.268202 8.415909
v -2.462182 0.680567 8.531528
v -2.030689 0.680567 8.415908
v -2.462182 1.268202 8.531528
v -2.032423 1.312674 8.416373
v -2.461160 1.312919 8.531254
v -2.037495 1.356715 8.417733
v -2.456651 1.357271 8.530045
v -2.045856 1.399904 8.419973
v -2.448698 1.400802 8.527915
v -2.057426 1.441829 8.423073
v -2.437386 1.443065 8.524883
v -2.072093 1.482090 8.427005
v -2.424819 1.478070 8.521516
v -2.422827 1.483621 8.520984
v -2.089720 1.520304 8.431727
v -2.405176 1.522055 8.516253
v -2.110137 1.556103 8.437198
v -2.384612 1.557971 8.510744
v -2.133149 1.589149 8.443363
v -2.361346 1.590999 8.504509
v -2.158537 1.619126 8.450167
v -2.335621 1.620797 8.497616
v -2.186058 1.645746 8.457541
v -2.307698 1.647062 8.490134
v -2.215451 1.668758 8.465416
v -2.277867 1.669519 8.482141
v -2.246435 1.687940 8.473719
v -15.256720 9.811415 2.521081
v -14.566955 7.854745 5.095277
v -14.566955 7.574218 5.095277
v -15.213155 9.950644 2.683662
v -15.213155 10.091942 2.683663
v -15.300270 10.091942 2.358500
v -15.300270 9.950644 2.358500
v -15.946470 7.574221 -0.053117
v -15.946470 7.574498 -0.053117
v -15.946470 7.854749 -0.053116
v -2.644367 14.026338 1.900632
v -2.730587 14.587390 1.578857
v -2.644367 14.587390 1.900632
v -3.334121 16.270548 -0.673564
v -3.334121 16.551073 -0.673564
v -4.023874 14.026340 -3.247762
v -3.937656 14.587393 -2.925986
v -4.023874 14.587393 -3.247761
v 0.131384 3.646852 -7.033055
v -0.501290 5.560647 -4.191640
v -1.169262 3.646852 -6.684549
v 0.799357 5.560647 -4.540149
v 0.508934 4.728562 -5.624021
v 0.250062 14.587390 0.780195
v 0.336282 14.026338 1.101969
v 0.336282 14.587390 1.101969
v -0.353472 16.270550 -1.472227
v -0.353472 16.551075 -1.472227
v -0.957007 14.587394 -3.724649
v -1.043226 14.026341 -4.046424
v -1.043226 14.587394 -4.046423
v -13.770579 6.095488 4.886001
v -12.805933 5.046879 4.627524
v -13.770579 5.046878 4.886000
v -12.805933 6.095489 4.627525
v -13.768298 6.175284 4.885389
v -12.809813 6.174848 4.628563
v -12.821154 6.253437 4.631604
v -13.758216 6.254428 4.882689
v -12.839845 6.330506 4.636611
v -13.740438 6.332109 4.877925
v -12.865707 6.405320 4.643542
v -13.715146 6.407523 4.871148
v -12.898499 6.477164 4.652328
v -13.687055 6.469991 4.863622
v -13.682601 6.479895 4.862427
v -12.937905 6.545353 4.662887
v -13.643138 6.548480 4.851853
v -12.983547 6.609237 4.675117
v -13.597165 6.612570 4.839535
v -13.034994 6.668206 4.688901
v -13.545155 6.671507 4.825599
v -13.091751 6.721698 4.704110
v -13.487640 6.724682 4.810188
v -13.153279 6.769202 4.720597
v -13.425217 6.771548 4.793462
v -13.218989 6.810265 4.738204
v -13.358528 6.811623 4.775592
v -13.288257 6.844494 4.756763
v -12.273107 2.156990 7.501032
v -12.901739 1.300879 7.669473
v -12.273107 1.300879 7.501032
v -12.901739 2.156990 7.669473
v -12.275636 2.221781 7.501709
v -12.900251 2.222137 7.669075
v -12.283025 2.285944 7.503690
v -12.893682 2.286753 7.667314
v -12.295206 2.348865 7.506953
v -12.882096 2.350173 7.664209
v -12.312060 2.409944 7.511470
v -12.865614 2.411743 7.659794
v -12.333429 2.468600 7.517196
v -12.847309 2.462744 7.654889
v -12.844405 2.470829 7.654111
v -12.359107 2.524271 7.524076
v -12.818689 2.526823 7.647219
v -12.388853 2.576427 7.532046
v -12.788730 2.579149 7.639194
v -12.422379 2.624572 7.541029
v -12.754834 2.627265 7.630111
v -12.459366 2.668243 7.550940
v -12.717354 2.670680 7.620068
v -12.499462 2.707026 7.561684
v -12.676676 2.708942 7.609169
v -12.542282 2.740551 7.573159
v -12.633217 2.741662 7.597523
v -12.587423 2.768497 7.585254
v -2.389685 4.740120 5.018855
v -2.389143 4.003398 5.020877
v -2.389143 4.688287 5.020877
v -2.523896 4.003399 4.517971
v -2.391269 4.791450 5.012943
v -2.393880 4.841786 5.003200
v -2.397494 4.890649 4.989714
v -2.402074 4.937574 4.972619
v -2.407579 4.982111 4.952076
v -2.413954 5.023837 4.928280
v -2.421141 5.062351 4.901459
v -2.429069 5.097290 4.871870
v -2.437665 5.128316 4.839793
v -2.446844 5.155136 4.805536
v -2.456520 5.177493 4.769424
v -2.466336 5.156023 4.732790
v -2.475652 5.129848 4.698022
v -2.484372 5.099238 4.665478
v -2.492406 5.064507 4.635495
v -2.499671 5.026013 4.608379
v -2.506094 4.984153 4.584411
v -2.511606 4.939359 4.563838
v -2.512229 4.932890 4.561516
v -2.516152 4.892089 4.546872
v -2.519685 4.842833 4.533686
v -2.522169 4.792097 4.524417
v -2.523577 4.740405 4.519161
v -2.523896 4.688287 4.517971
v -15.946470 7.854749 -0.053116
v -15.842214 9.950644 2.503712
v -16.488400 7.854749 0.092095
v -15.300270 9.950644 2.358500
v 0.336282 14.587390 1.101969
v 0.791998 14.587391 0.634983
v 0.250062 14.587390 0.780195
v 0.878218 14.587390 0.956758
v -17.243504 0.000002 -2.725978
v -15.650199 1.139498 -3.129364
v -5.320910 0.000004 -5.920628
v -17.227272 3.142932 -2.665399
v -15.645766 1.995439 -3.112866
v -15.642900 2.060217 -3.112294
v -15.635191 2.124366 -3.113038
v -15.622680 2.187274 -3.115089
v -15.605507 2.248343 -3.118428
v -15.583847 2.306986 -3.123024
v -15.557868 2.362647 -3.128833
v -15.527855 2.414793 -3.135797
v -15.494081 2.462927 -3.143853
v -15.456872 2.506589 -3.152922
v -15.416571 2.545366 -3.162917
v -15.373577 2.578883 -3.173745
v -15.328302 2.606825 -3.185302
v -12.343322 2.629095 -3.984665
v -9.421154 2.632842 -4.767578
v -9.375871 2.660784 -4.779136
v -6.593291 2.660784 -5.524725
v -6.286552 1.193458 -5.637229
v -5.304678 3.142935 -5.860048
v -15.021554 1.139498 -3.297806
v -12.036585 1.161768 -4.097166
v -12.665215 1.161768 -3.928725
v -9.697766 1.193457 -4.723197
v -9.069133 1.193457 -4.891638
v -6.915185 1.193458 -5.468788
v -6.282132 2.049398 -5.620730
v -6.283284 2.114532 -5.619077
v -6.289520 2.179136 -5.616071
v -6.300778 2.242543 -5.611744
v -6.316943 2.304101 -5.606142
v -6.334986 2.355091 -5.600253
v -6.337845 2.363174 -5.599320
v -6.363273 2.419157 -5.591351
v -6.392962 2.471473 -5.582314
v -6.426608 2.519579 -5.572305
v -6.463863 2.562985 -5.561425
v -6.504345 2.601240 -5.549788
v -6.547637 2.633953 -5.537513
v -9.064713 2.049397 -4.875140
v -6.910764 2.049398 -5.452289
v -9.065865 2.114532 -4.873486
v -6.907903 2.114177 -5.451717
v -6.900182 2.178326 -5.452462
v -9.072100 2.179135 -4.870481
v -6.887675 2.241235 -5.454512
v -9.083359 2.242542 -4.866154
v -6.870506 2.302302 -5.457851
v -9.099521 2.304100 -4.860552
v -6.848834 2.360945 -5.462447
v -9.117564 2.355091 -4.854663
v -9.120426 2.363174 -4.853730
v -6.822867 2.416606 -5.468256
v -9.145852 2.419156 -4.845760
v -6.792852 2.468752 -5.475220
v -9.175542 2.471472 -4.836725
v -6.759078 2.516886 -5.483276
v -9.209188 2.519579 -4.826715
v -6.721867 2.560550 -5.492345
v -9.246444 2.562985 -4.815835
v -6.681570 2.599325 -5.502340
v -9.286926 2.601240 -4.804198
v -6.638575 2.632843 -5.513169
v -9.330217 2.633952 -4.791923
v -12.032163 2.017709 -4.080669
v -9.693345 2.049397 -4.706699
v -12.033314 2.082842 -4.079015
v -9.690482 2.114176 -4.706128
v -12.039550 2.147447 -4.076009
v -9.682762 2.178326 -4.706871
v -12.050808 2.210853 -4.071683
v -9.670256 2.241234 -4.708922
v -12.066971 2.272412 -4.066081
v -9.653086 2.302302 -4.712262
v -12.085016 2.323401 -4.060193
v -9.631414 2.360945 -4.716857
v -12.087875 2.331485 -4.059259
v -12.113301 2.387468 -4.051288
v -9.605447 2.416605 -4.722666
v -12.142992 2.439783 -4.042253
v -9.575433 2.468752 -4.729630
v -12.176638 2.487890 -4.032244
v -9.541658 2.516885 -4.737686
v -12.213894 2.531295 -4.021365
v -9.504446 2.560549 -4.746756
v -12.254375 2.569551 -4.009727
v -9.464149 2.599324 -4.756751
v -12.297667 2.602262 -3.997452
v -15.017136 1.995439 -3.281307
v -12.660795 2.017709 -3.912228
v -15.018291 2.060574 -3.279653
v -12.657931 2.082487 -3.911657
v -15.024532 2.125177 -3.276647
v -12.650212 2.146636 -3.912400
v -15.035791 2.188582 -3.272321
v -12.637706 2.209544 -3.914451
v -15.051950 2.250141 -3.266718
v -12.620535 2.270612 -3.917790
v -15.069993 2.301132 -3.260830
v -12.598864 2.329256 -3.922386
v -15.072857 2.309215 -3.259897
v -15.098281 2.365198 -3.251928
v -12.572896 2.384917 -3.928194
v -15.127965 2.417514 -3.242891
v -12.542884 2.437062 -3.935159
v -15.161611 2.465620 -3.232881
v -12.509109 2.485197 -3.943213
v -15.198876 2.509027 -3.222003
v -12.471895 2.528860 -3.952284
v -15.239348 2.547281 -3.210365
v -12.431600 2.567636 -3.962280
v -15.282643 2.579994 -3.198090
v -12.388606 2.601154 -3.973107
v 0.821595 5.093800 6.489954
v -0.370665 2.849586 6.809418
v 0.821595 2.849586 6.489953
v -0.370665 5.093800 6.809420
v 0.801282 5.253533 6.495397
v -0.350352 5.253533 6.803977
v 0.741728 5.402380 6.511354
v -0.290798 5.402380 6.788019
v 0.646992 5.530198 6.536738
v -0.196062 5.530198 6.762634
v 0.523530 5.628276 6.569820
v -0.072600 5.628276 6.729553
v 0.379755 5.689930 6.608346
v 0.071175 5.689930 6.691029
v 0.225465 5.710958 6.649687
v -15.543887 10.456627 2.641593
v -15.596130 10.456627 2.771762
v -15.625173 10.456627 2.663375
v -15.514844 10.456627 2.749980
v 2.257725 6.227691 6.105145
v 0.080254 8.696325 6.107753
v 0.225465 8.696324 6.649689
v 2.112514 6.227691 5.563208
v -2.541050 7.630322 7.097564
v -2.090207 5.947162 7.685113
v -2.637716 5.947162 7.831818
v 1.584367 3.646851 -4.750493
v -0.501290 0.000003 -4.191644
v 1.584367 0.000003 -4.750495
v -0.501290 3.646850 -4.191642
v -2.541050 7.630322 7.097564
v -2.637716 5.947162 7.831818
v -3.128600 5.947162 7.548406
v -4.479591 14.587393 -2.780775
v -4.023874 14.587393 -3.247761
v -4.565811 14.587393 -3.102550
v -3.937656 14.587393 -2.925986
v -0.957007 14.587394 -3.724649
v -0.501290 14.587394 -4.191635
v -1.043226 14.587394 -4.046423
v -0.415071 14.587394 -3.869861
v 4.159360 5.610538 -5.440459
v 6.159674 0.000004 -5.658518
v 4.159360 0.000004 -5.440463
v 6.159674 5.610539 -5.658514
v -4.565811 6.732643 -3.102556
v -3.622636 8.415808 -7.711617
v -5.654895 6.732646 -7.167076
v -2.533550 8.415805 -3.647097
v -4.226809 2.356418 9.004359
v -4.891286 2.356420 6.524498
v -4.620318 2.356420 6.451893
v -2.431204 2.356421 4.863902
v -4.870673 2.356421 5.517556
v -3.275305 2.356420 7.000895
v -2.991893 2.356420 6.510010
v -2.444384 2.356420 6.363306
v -1.953500 2.356420 6.646718
v -2.637716 2.356419 7.831816
v -1.245405 2.356419 8.205493
v -3.128600 2.356419 7.548403
v -2.090207 2.356419 7.685111
v -1.806795 2.356419 7.194228
v -1.535827 2.356420 7.121622
v -5.165940 5.458819 -5.342271
v -5.165263 4.537918 -5.339744
v -5.165263 5.394028 -5.339743
v -5.333704 4.537919 -5.968376
v -5.167921 5.522982 -5.349661
v -5.171184 5.585902 -5.361841
v -5.175701 5.646982 -5.378695
v -5.181427 5.705638 -5.400065
v -5.188308 5.761309 -5.425745
v -5.196277 5.813467 -5.455489
v -5.205261 5.861610 -5.489015
v -5.215171 5.905282 -5.526003
v -5.225914 5.944065 -5.566099
v -5.237389 5.977590 -5.608920
v -5.249484 6.005536 -5.654059
v -5.261754 5.978699 -5.699852
v -5.273399 5.945981 -5.743311
v -5.284299 5.907719 -5.783992
v -5.294342 5.864304 -5.821471
v -5.303424 5.816187 -5.855366
v -5.311451 5.763861 -5.885326
v -5.318342 5.707867 -5.911041
v -5.319120 5.699783 -5.913944
v -5.324025 5.648781 -5.932251
v -5.328441 5.587212 -5.948732
v -5.331545 5.523792 -5.960318
v -5.333307 5.459176 -5.966889
v -5.333704 5.394029 -5.968376
v 2.112514 5.947163 5.563208
v -1.154043 8.415802 1.501296
v 0.080254 8.415799 6.107753
v 0.878218 5.947166 0.956752
v -14.707524 2.219175 6.738423
v -14.706855 1.298274 6.740949
v -14.706855 2.154386 6.740950
v -14.875284 1.298275 6.112319
v -14.709506 2.283338 6.731033
v -14.712770 2.346259 6.718853
v -14.717287 2.407339 6.701997
v -14.723016 2.465994 6.680627
v -14.729897 2.521666 6.654949
v -14.737864 2.573822 6.625204
v -14.746842 2.621966 6.591679
v -14.756761 2.665639 6.554691
v -14.767491 2.704422 6.514596
v -14.778978 2.737946 6.471775
v -14.791061 2.765893 6.426634
v -14.803332 2.739056 6.380842
v -14.814990 2.706338 6.337381
v -14.825878 2.668074 6.296702
v -14.835924 2.624661 6.259223
v -14.845001 2.576543 6.225328
v -14.853038 2.524219 6.195368
v -14.859921 2.468225 6.169651
v -14.860706 2.460139 6.166749
v -14.865608 2.409138 6.148443
v -14.870025 2.347568 6.131961
v -14.873132 2.284149 6.120376
v -14.874886 2.219532 6.113805
v -14.875284 2.154386 6.112319
v -15.543887 10.456627 2.641593
v -15.625173 10.091942 2.663375
v -15.543887 10.091942 2.641593
v -15.625173 10.456627 2.663375
v -6.910764 2.049398 -5.452289
v -6.286552 1.193458 -5.637229
v -6.915185 1.193458 -5.468788
v -6.282132 2.049398 -5.620730
v -6.907903 2.114177 -5.451717
v -6.283284 2.114532 -5.619077
v -6.900182 2.178326 -5.452462
v -6.289520 2.179136 -5.616071
v -6.887675 2.241235 -5.454512
v -6.300778 2.242543 -5.611744
v -6.870506 2.302302 -5.457851
v -6.316943 2.304101 -5.606142
v -6.848834 2.360945 -5.462447
v -6.334986 2.355091 -5.600253
v -6.337845 2.363174 -5.599320
v -6.822867 2.416606 -5.468256
v -6.363273 2.419157 -5.591351
v -6.792852 2.468752 -5.475220
v -6.392962 2.471473 -5.582314
v -6.759078 2.516886 -5.483276
v -6.426608 2.519579 -5.572305
v -6.721867 2.560550 -5.492345
v -6.463863 2.562985 -5.561425
v -6.681570 2.599325 -5.502340
v -6.504345 2.601240 -5.549788
v -6.638575 2.632843 -5.513169
v -6.547637 2.633953 -5.537513
v -6.593291 2.660784 -5.524725
v -2.444384 2.356420 6.363306
v -2.991893 5.947163 6.510013
v -2.991893 2.356420 6.510010
v -2.444384 5.947163 6.363308
v -2.991893 2.356420 6.510010
v -3.275305 5.947162 7.000897
v -3.275305 2.356420 7.000895
v -2.991893 5.947163 6.510013
v 6.159674 5.610539 -5.658514
v 4.849114 8.247489 -2.866260
v 4.159360 5.610538 -5.440459
v 6.769972 7.943727 -3.380851
v -2.462182 0.680567 8.531528
v -3.083247 0.687684 8.697941
v -2.462182 1.268202 8.531528
v -3.514740 0.687683 8.813559
v -3.083247 1.275318 8.697942
v -2.461160 1.312919 8.531254
v -3.084981 1.319790 8.698406
v -2.456651 1.357271 8.530045
v -3.090053 1.363831 8.699766
v -2.448698 1.400802 8.527915
v -3.098414 1.407020 8.702006
v -2.437386 1.443065 8.524883
v -3.109984 1.448946 8.705106
v -2.424819 1.478070 8.521516
v -3.124651 1.489206 8.709036
v -2.422827 1.483621 8.520984
v -2.405176 1.522055 8.516253
v -3.142278 1.527419 8.713759
v -2.384612 1.557971 8.510744
v -3.162695 1.563220 8.719230
v -2.361346 1.590999 8.504509
v -3.185707 1.596266 8.725396
v -2.335621 1.620797 8.497616
v -3.211095 1.626242 8.732199
v -2.307698 1.647062 8.490134
v -3.238616 1.652863 8.739573
v -2.277867 1.669519 8.482141
v -3.268010 1.675875 8.747449
v -2.246435 1.687940 8.473719
v -3.298994 1.695056 8.755751
v -4.226809 -0.000006 9.004357
v -1.245405 -0.000005 8.205491
v -4.226809 2.356418 9.004359
v -3.514740 1.275318 8.813560
v -3.513718 1.320035 8.813286
v -3.509209 1.364387 8.812079
v -3.501256 1.407919 8.809947
v -3.489944 1.450180 8.806916
v -3.477378 1.485187 8.803548
v -3.475387 1.490738 8.803015
v -3.457734 1.529172 8.798286
v -3.437171 1.565087 8.792775
v -3.413905 1.598114 8.786542
v -3.388179 1.627914 8.779649
v -3.360256 1.654178 8.772165
v -3.330425 1.676636 8.764173
v -2.030689 0.680567 8.415908
v -1.245405 2.356419 8.205493
v -2.030689 1.268202 8.415909
v -2.032423 1.312674 8.416373
v -2.037495 1.356715 8.417733
v -2.045856 1.399904 8.419973
v -2.057426 1.441829 8.423073
v -2.072093 1.482090 8.427005
v -2.089720 1.520304 8.431727
v -2.110137 1.556103 8.437198
v -2.133149 1.589149 8.443363
v -2.158537 1.619126 8.450167
v -2.186058 1.645746 8.457541
v -2.215451 1.668758 8.465416
v -5.654895 7.013174 -7.167076
v -3.622636 8.415808 -7.711617
v -5.654895 6.732646 -7.167076
v -3.622636 8.696334 -7.711617
v -1.590375 7.013175 -8.256160
v -1.590375 6.732646 -8.256160
v -3.334121 16.551073 -0.673564
v -3.272521 14.587390 1.724068
v -3.876057 16.551073 -0.528352
v -2.730587 14.587390 1.578857
v -16.382345 7.356130 1.138240
v -16.270590 7.574497 0.904999
v -16.197983 7.574497 1.175967
v -16.433163 7.356130 0.948562
v 1.584367 3.646851 -4.750493
v 1.772239 0.000003 -4.894654
v 1.584367 0.000003 -4.750495
v 1.772239 3.646851 -4.894651
v -3.186303 5.947165 2.045837
v -3.886356 5.049480 2.233415
v -3.186303 5.049480 2.045837
v -3.886356 6.098089 2.233416
v -3.186303 7.574220 2.045838
v -3.890236 6.177449 2.234456
v -3.901576 6.256037 2.237494
v -3.920266 6.333107 2.242502
v -3.946131 6.407920 2.249433
v -3.978922 6.479764 2.258219
v -4.018328 6.547955 2.268778
v -4.063972 6.611837 2.281008
v -4.115417 6.670807 2.294793
v -4.172174 6.724299 2.310001
v -4.233702 6.771802 2.326488
v -4.299413 6.812866 2.344095
v -4.368680 6.847095 2.362655
v -4.851003 6.098089 2.491892
v -15.108897 5.049478 5.240487
v -4.851003 5.049480 2.491891
v -15.108897 7.574494 5.240488
v -4.848721 6.177885 2.491280
v -4.838640 6.257030 2.488580
v -4.820861 6.334710 2.483816
v -4.795569 6.410124 2.477038
v -4.767478 6.472592 2.469512
v -4.763024 6.482497 2.468318
v -4.723562 6.551081 2.457744
v -4.677588 6.615171 2.445426
v -4.625577 6.674108 2.431490
v -4.568064 6.727283 2.416080
v -4.505640 6.774149 2.399354
v -4.438949 6.814224 2.381483
v -14.566955 7.574218 5.095277
v -14.566955 7.854745 5.095277
v -15.108897 7.854745 5.240489
v -9.241669 6.098092 -1.849663
v -8.277021 5.049483 -2.108140
v -9.241669 5.049483 -1.849664
v -8.277021 6.098092 -2.108139
v -9.239388 6.177888 -1.850275
v -8.280903 6.177452 -2.107100
v -8.292240 6.256040 -2.104062
v -9.229304 6.257032 -1.852975
v -8.310931 6.333110 -2.099053
v -9.211527 6.334713 -1.857739
v -8.336797 6.407923 -2.092123
v -9.186234 6.410127 -1.864517
v -8.369588 6.479767 -2.083335
v -9.158144 6.472595 -1.872044
v -9.153690 6.482500 -1.873237
v -8.408994 6.547957 -2.072777
v -9.114228 6.551084 -1.883811
v -8.454636 6.611840 -2.060547
v -9.068254 6.615174 -1.896129
v -8.506083 6.670810 -2.046762
v -9.016243 6.674110 -1.910066
v -8.562840 6.724302 -2.031554
v -8.958728 6.727286 -1.925475
v -8.624368 6.771805 -2.015067
v -8.896306 6.774152 -1.942202
v -8.690079 6.812869 -1.997460
v -8.829616 6.814227 -1.960072
v -8.759346 6.847098 -1.978900
v -15.126867 6.098091 -0.272728
v -14.162226 5.049482 -0.531204
v -15.126867 5.049481 -0.272728
v -14.162226 6.098091 -0.531204
v -15.124587 6.177886 -0.273339
v -14.166105 6.177451 -0.530164
v -14.177443 6.256039 -0.527126
v -15.114511 6.257031 -0.276040
v -14.196134 6.333109 -0.522118
v -15.096727 6.334712 -0.280804
v -14.221999 6.407922 -0.515187
v -15.071432 6.410125 -0.287581
v -14.254792 6.479766 -0.506401
v -15.043343 6.472594 -0.295108
v -15.038898 6.482498 -0.296301
v -14.294195 6.547956 -0.495842
v -14.999437 6.551082 -0.306875
v -14.339840 6.611839 -0.483612
v -14.953465 6.615172 -0.319194
v -14.391286 6.670809 -0.469827
v -14.901449 6.674109 -0.333130
v -14.448047 6.724301 -0.454619
v -14.843933 6.727284 -0.348541
v -14.509567 6.771804 -0.438132
v -14.781514 6.774151 -0.365267
v -14.575277 6.812868 -0.420525
v -14.714820 6.814226 -0.383136
v -14.644551 6.847097 -0.401965
v -16.433163 -0.000001 0.948557
v -15.489293 7.356128 4.471146
v -15.489293 -0.000003 4.471141
v -16.382345 6.847248 1.138239
v -16.433163 6.847248 0.948562
v -16.382345 7.356130 1.138240
v -15.842214 10.091942 2.503713
v -15.755084 10.091942 2.828873
v -15.842214 9.950644 2.503712
v -15.108897 7.574494 5.240488
v -15.755084 9.950644 2.828873
v -15.108897 7.854745 5.240489
v -15.326719 7.574495 4.427583
v -16.197983 7.574497 1.175967
v -16.488400 7.854749 0.092095
v -16.270590 7.574497 0.904999
v -16.479378 7.574498 0.125758
v -16.488400 7.574498 0.092095
v -15.755084 10.091942 2.828873
v -15.213155 9.950644 2.683662
v -15.755084 9.950644 2.828873
v -15.213155 10.091942 2.683663
v -5.304678 3.142935 -5.860048
v -4.565811 6.732643 -3.102556
v -4.565811 5.049483 -3.102556
v -5.165263 4.537918 -5.339744
v -5.333704 4.537919 -5.968376
v -5.320910 0.000004 -5.920628
v -5.800107 0.000005 -7.709016
v -5.333704 5.394029 -5.968376
v -5.654895 6.732646 -7.167076
v -5.654895 7.013174 -7.167076
v -5.800107 7.013175 -7.709012
v -5.249484 6.005536 -5.654059
v -5.237389 5.977590 -5.608920
v -5.225914 5.944065 -5.566099
v -5.215171 5.905282 -5.526003
v -5.205261 5.861610 -5.489015
v -5.196277 5.813467 -5.455489
v -5.188308 5.761309 -5.425745
v -5.181427 5.705638 -5.400065
v -5.175701 5.646982 -5.378695
v -5.171184 5.585902 -5.361841
v -5.167921 5.522982 -5.349661
v -5.165940 5.458819 -5.342271
v -5.165263 5.394028 -5.339743
v -5.261754 5.978699 -5.699852
v -5.273399 5.945981 -5.743311
v -5.284299 5.907719 -5.783992
v -5.294342 5.864304 -5.821471
v -5.303424 5.816187 -5.855366
v -5.311451 5.763861 -5.885326
v -5.318342 5.707867 -5.911041
v -5.319120 5.699783 -5.913944
v -5.324025 5.648781 -5.932251
v -5.328441 5.587212 -5.948732
v -5.331545 5.523792 -5.960318
v -5.333307 5.459176 -5.966889
v -2.644367 14.026338 1.900632
v -0.353472 16.270550 -1.472227
v -3.334121 16.270548 -0.673564
v 0.336282 14.026338 1.101969
v -3.334121 16.270548 -0.673564
v -1.043226 14.026341 -4.046424
v -4.023874 14.026340 -3.247762
v -0.353472 16.270550 -1.472227
v -3.767847 8.696335 -8.253554
v -5.654895 7.013174 -7.167076
v -5.800107 7.013175 -7.709012
v -3.622636 8.696334 -7.711617
v 2.562815 8.415804 -2.077542
v 0.878218 5.947166 0.956752
v 0.772786 5.947166 0.563275
v 2.112514 5.947163 5.563208
v 2.257725 5.947163 6.105145
v 4.047756 8.415801 3.464328
v 6.769972 7.943727 -3.380851
v 6.159674 5.610539 -5.658514
v 7.805422 5.610538 -4.698427
v 0.791998 14.587391 0.634983
v 0.878218 5.947166 0.956752
v 0.878218 14.587390 0.956758
v 0.188464 8.584119 -1.617443
v 0.188464 16.551075 -1.617438
v -0.415071 14.587394 -3.869861
v -0.501290 5.947170 -4.191640
v -0.501290 14.587394 -4.191635
v -0.501290 6.732644 -4.191640
v 0.878218 14.587390 0.956758
v -1.154043 8.415802 1.501296
v 0.878218 5.947166 0.956752
v 0.336282 14.026338 1.101969
v 0.336282 14.587390 1.101969
v -3.186303 7.574220 2.045838
v -3.186303 5.947165 2.045837
v -3.186303 14.587390 2.045843
v -2.644367 14.026338 1.900632
v -2.644367 14.587390 1.900632
v 1.917968 3.646852 -6.001571
v 1.772239 0.000003 -4.894654
v 1.772239 3.646851 -4.894651
v 1.917968 0.000004 -6.001573
v 8.065454 5.610538 -3.727975
v 6.769972 7.943727 -3.380851
v 8.325484 5.610537 -2.757524
v 7.805422 5.610538 -4.698427
v -2.991893 5.947163 6.510013
v -2.541050 7.630322 7.097564
v -3.275305 5.947162 7.000897
v 4.047756 8.415801 3.464328
v 2.257725 5.947163 6.105145
v 5.834503 5.947164 5.146749
v 7.380269 5.610536 -1.103190
v 5.538868 0.000000 -0.292069
v 7.380269 0.000001 -1.103194
v 5.538868 5.610535 -0.292066
v 0.188464 16.551075 -1.617438
v 0.250062 14.587390 0.780195
v -0.353472 16.551075 -1.472227
v 0.791998 14.587391 0.634983
v -1.535827 2.356420 7.121622
v -1.806795 -0.000005 7.194226
v -1.535827 -0.000005 7.121620
v -1.806795 2.356419 7.194228
v 0.225465 8.696324 6.649689
v -1.952006 6.227690 6.652294
v -1.806795 6.227690 7.194231
v 0.080254 8.696325 6.107753
v -9.343232 2.117574 6.715975
v -9.971865 1.261463 6.884416
v -9.343232 1.261463 6.715975
v -9.971865 2.117574 6.884416
v -9.345760 2.182365 6.716652
v -9.970379 2.182720 6.884017
v -9.353149 2.246527 6.718632
v -9.963807 2.247337 6.882257
v -9.365331 2.309448 6.721896
v -9.952222 2.310756 6.879152
v -9.382185 2.370528 6.726412
v -9.935740 2.372327 6.874737
v -9.403556 2.429183 6.732138
v -9.917434 2.423327 6.869832
v -9.914531 2.431413 6.869054
v -9.429235 2.484855 6.739019
v -9.888815 2.487407 6.862163
v -9.458979 2.537011 6.746989
v -9.858855 2.539732 6.854135
v -9.492505 2.585155 6.755972
v -9.824961 2.587849 6.845053
v -9.529491 2.628828 6.765883
v -9.787481 2.631263 6.835011
v -9.569588 2.667611 6.776627
v -9.746800 2.669526 6.824111
v -9.612410 2.701134 6.788101
v -9.703342 2.702244 6.812466
v -9.657548 2.729081 6.800196
v -6.209569 6.098093 -2.662112
v -5.244924 5.049483 -2.920588
v -6.209569 5.049483 -2.662113
v -5.244924 6.098093 -2.920588
v -6.207287 6.177888 -2.662723
v -5.248803 6.177453 -2.919549
v -5.260142 6.256041 -2.916511
v -6.197205 6.257033 -2.665425
v -5.278833 6.333110 -2.911501
v -6.179427 6.334713 -2.670188
v -5.304697 6.407924 -2.904571
v -6.154135 6.410127 -2.676965
v -5.337488 6.479768 -2.895784
v -6.126044 6.472596 -2.684492
v -6.121590 6.482500 -2.685685
v -5.376894 6.547958 -2.885226
v -6.082129 6.551084 -2.696259
v -5.422538 6.611841 -2.872996
v -6.036154 6.615174 -2.708578
v -5.473983 6.670811 -2.859211
v -5.984143 6.674111 -2.722513
v -5.530741 6.724302 -2.844003
v -5.926630 6.727286 -2.737926
v -5.592268 6.771806 -2.827517
v -5.864206 6.774153 -2.754652
v -5.657979 6.812870 -2.809909
v -5.797516 6.814228 -2.772521
v -5.727246 6.847098 -2.791348
v -16.572878 0.920902 -0.223167
v -16.572195 0.000000 -0.220639
v -16.572195 0.856111 -0.220639
v -16.740637 0.000001 -0.849271
v -16.574860 0.985064 -0.230556
v -16.578121 1.047985 -0.242736
v -16.582638 1.109065 -0.259592
v -16.588369 1.167720 -0.280961
v -16.595238 1.223392 -0.306640
v -16.603218 1.275548 -0.336385
v -16.612196 1.323692 -0.369910
v -16.622114 1.367364 -0.406898
v -16.632858 1.406148 -0.446993
v -16.644331 1.439672 -0.489815
v -16.656414 1.467619 -0.534954
v -16.668686 1.440782 -0.580747
v -16.680344 1.408063 -0.624207
v -16.691229 1.369800 -0.664887
v -16.701277 1.326387 -0.702367
v -16.710354 1.278270 -0.736261
v -16.718391 1.225944 -0.766221
v -16.725275 1.169950 -0.791937
v -16.726059 1.161865 -0.794840
v -16.730961 1.110864 -0.813146
v -16.735378 1.049294 -0.829628
v -16.738485 0.985874 -0.841214
v -16.740238 0.921258 -0.847784
v -16.740637 0.856111 -0.849271
v -15.565677 10.091942 2.560302
v -15.625173 10.091942 2.663375
v -15.646963 10.091942 2.582085
v -15.543887 10.091942 2.641593
v -1.952006 6.227690 6.652294
v -1.806795 5.947162 7.194230
v -1.806795 6.227690 7.194231
v -1.952006 5.947163 6.652294
v 4.849114 8.976859 -2.866259
v 5.538868 5.947167 -0.292065
v 5.538868 6.339905 -0.292065
v 5.538868 5.610535 -0.292066
v 4.849114 8.247489 -2.866260
v 4.159360 6.339908 -5.440458
v 4.159360 5.610538 -5.440459
v 4.849114 8.976859 -2.866259
v 4.996932 6.339905 -0.146854
v 4.307178 8.976859 -2.721048
v 5.538868 6.339905 -0.292065
v -1.952006 5.947163 6.652294
v -1.806795 2.356419 7.194228
v -1.806795 5.947162 7.194230
v -1.953500 2.356420 6.646718
v -1.953500 5.947163 6.646720
v 6.159674 5.610539 -5.658514
v 7.805422 0.000003 -4.698431
v 6.159674 0.000004 -5.658518
v 7.805422 5.610538 -4.698427
v -1.535827 2.356420 7.121622
v -1.245405 -0.000005 8.205491
v -1.245405 2.356419 8.205493
v -1.535827 -0.000005 7.121620
v -3.876057 9.811417 -0.528357
v -3.186303 14.587390 2.045843
v -3.186303 7.574220 2.045838
v -3.272521 14.587390 1.724068
v -3.876057 16.551073 -0.528352
v -4.565811 7.574223 -3.102555
v -4.479591 14.587393 -2.780775
v -4.565811 14.587393 -3.102550
v -15.645766 1.995439 -3.112866
v -15.021554 1.139498 -3.297806
v -15.650199 1.139498 -3.129364
v -15.017136 1.995439 -3.281307
v -15.642900 2.060217 -3.112294
v -15.018291 2.060574 -3.279653
v -15.635191 2.124366 -3.113038
v -15.024532 2.125177 -3.276647
v -15.622680 2.187274 -3.115089
v -15.035791 2.188582 -3.272321
v -15.605507 2.248343 -3.118428
v -15.051950 2.250141 -3.266718
v -15.583847 2.306986 -3.123024
v -15.069993 2.301132 -3.260830
v -15.072857 2.309215 -3.259897
v -15.557868 2.362647 -3.128833
v -15.098281 2.365198 -3.251928
v -15.527855 2.414793 -3.135797
v -15.127965 2.417514 -3.242891
v -15.494081 2.462927 -3.143853
v -15.161611 2.465620 -3.232881
v -15.456872 2.506589 -3.152922
v -15.198876 2.509027 -3.222003
v -15.416571 2.545366 -3.162917
v -15.239348 2.547281 -3.210365
v -15.373577 2.578883 -3.173745
v -15.282643 2.579994 -3.198090
v -15.328302 2.606825 -3.185302
v -15.676005 10.540785 2.473698
v -15.646963 10.456627 2.582085
v -15.646963 10.540785 2.582085
v -15.676005 10.456627 2.473698
v -15.646963 10.652994 2.582085
v -15.625173 10.540785 2.663375
v -15.625173 10.652994 2.663375
v -15.625173 10.456627 2.663375
v -15.625173 10.091942 2.663375
v -15.646963 10.091942 2.582085
v -15.596130 10.456627 2.771762
v -15.596130 10.540785 2.771762
v 6.769972 7.943727 -3.380851
v 7.380269 5.610536 -1.103190
v 8.325484 5.610537 -2.757524
v -16.736305 2.544852 -0.833097
v -16.735636 1.623952 -0.830570
v -16.735636 2.480062 -0.830570
v -16.904079 1.623952 -1.459203
v -16.738285 2.609015 -0.840487
v -16.741549 2.671935 -0.852667
v -16.746067 2.733015 -0.869522
v -16.751795 2.791670 -0.890892
v -16.758678 2.847342 -0.916571
v -16.766644 2.899499 -0.946315
v -16.775621 2.947643 -0.979841
v -16.785542 2.991315 -1.016828
v -16.796288 3.030098 -1.056924
v -16.807758 3.063623 -1.099746
v -16.819857 3.091569 -1.144885
v -16.832129 3.064732 -1.190678
v -16.843771 3.032014 -1.234138
v -16.854671 2.993750 -1.274818
v -16.864706 2.950337 -1.312297
v -16.873796 2.902221 -1.346192
v -16.881819 2.849895 -1.376151
v -16.888702 2.793901 -1.401868
v -16.889486 2.785816 -1.404770
v -16.894390 2.734814 -1.423077
v -16.898806 2.673245 -1.439559
v -16.901913 2.609825 -1.451145
v -16.903681 2.545209 -1.457714
v -16.904079 2.480062 -1.459202
v -6.685228 2.173488 6.003765
v -9.345760 2.182365 6.716652
v -9.343232 2.117574 6.715975
v -6.795755 2.188552 6.033380
v -9.353149 2.246527 6.718632
v -6.898749 2.232719 6.060977
v -6.987195 2.302979 6.084676
v -9.365331 2.309448 6.721896
v -7.055061 2.394542 6.102860
v -9.382185 2.370528 6.726412
v -9.403556 2.429183 6.732138
v -7.097722 2.501171 6.114293
v -9.429235 2.484855 6.739019
v -9.458979 2.537011 6.746989
v -7.112273 2.615597 6.118192
v -9.492505 2.585155 6.755972
v -9.529491 2.628828 6.765883
v -7.097722 2.730025 6.114293
v -9.569588 2.667611 6.776627
v -9.612410 2.701134 6.788101
v -9.657548 2.729081 6.800196
v -9.971865 2.117574 6.884416
v -12.273107 1.300879 7.501032
v -9.971865 1.261463 6.884416
v -12.273107 2.156990 7.501032
v -9.970379 2.182720 6.884017
v -12.275636 2.221781 7.501709
v -9.963807 2.247337 6.882257
v -12.283025 2.285944 7.503690
v -9.952222 2.310756 6.879152
v -12.295206 2.348865 7.506953
v -9.935740 2.372327 6.874737
v -12.312060 2.409944 7.511470
v -9.917434 2.423327 6.869832
v -12.333429 2.468600 7.517196
v -9.914531 2.431413 6.869054
v -9.888815 2.487407 6.862163
v -12.359107 2.524271 7.524076
v -9.858855 2.539732 6.854135
v -12.388853 2.576427 7.532046
v -9.824961 2.587849 6.845053
v -12.422379 2.624572 7.541029
v -9.787481 2.631263 6.835011
v -12.459366 2.668243 7.550940
v -9.746800 2.669526 6.824111
v -12.499462 2.707026 7.561684
v -9.703342 2.702244 6.812466
v -12.542282 2.740551 7.573159
v -7.055061 2.836654 6.102861
v -12.587423 2.768497 7.585254
v -2.431204 2.356421 4.863902
v -5.846801 -0.000004 5.779107
v -2.431204 -0.000003 4.863901
v -5.846801 1.140050 5.779108
v -5.852674 1.226331 5.780682
v -5.869839 1.311773 5.785282
v -5.898132 1.395563 5.792862
v -5.937286 1.476901 5.803353
v -5.986925 1.555010 5.816655
v -6.046576 1.629146 5.832637
v -6.115669 1.698601 5.851151
v -6.193545 1.762712 5.872018
v -6.279463 1.820870 5.895040
v -6.372602 1.872516 5.919996
v -6.472072 1.917159 5.946650
v -6.576926 1.954375 5.974745
v -6.574700 2.188552 5.974149
v -6.471704 2.232720 5.946551
v -6.383261 2.302979 5.922852
v -6.315395 2.394543 5.904668
v -2.431204 3.141896 4.863903
v -6.272734 2.501171 5.893238
v -6.258183 2.615597 5.889338
v -6.272734 2.730026 5.893238
v -6.315395 2.836654 5.904669
v -6.383261 2.928218 5.922853
v -6.471704 2.998477 5.946552
v -6.574700 3.042644 5.974149
v -6.685228 3.057709 6.003766
v -7.307052 1.140050 6.170382
v -14.353792 -0.000005 8.058550
v -7.307052 -0.000004 6.170381
v -12.901739 1.300879 7.669473
v -14.353792 3.141894 8.058552
v -7.303598 1.226804 6.169456
v -9.343232 1.261463 6.715975
v -12.901739 2.156990 7.669473
v -12.900251 2.222137 7.669075
v -12.893682 2.286753 7.667314
v -12.882096 2.350173 7.664209
v -12.865614 2.411743 7.659794
v -12.847309 2.462744 7.654889
v -12.844405 2.470829 7.654111
v -12.818689 2.526823 7.647219
v -12.788730 2.579149 7.639194
v -12.754834 2.627265 7.630111
v -12.717354 2.670680 7.620068
v -12.676676 2.708942 7.609169
v -12.633217 2.741662 7.597523
v -6.987195 2.928218 6.084677
v -6.898749 2.998477 6.060978
v -6.795755 3.042644 6.033380
v -7.288336 1.312852 6.165367
v -7.261423 1.397305 6.158154
v -7.223137 1.479296 6.147897
v -7.180614 1.547212 6.136502
v -7.173872 1.557980 6.134696
v -7.114136 1.632545 6.118690
v -7.044542 1.702225 6.100041
v -6.965808 1.766301 6.078946
v -6.878746 1.824113 6.055617
v -6.784252 1.875067 6.030298
v -6.683300 1.918637 6.003248
v -1.953500 5.947163 6.646720
v -2.413954 5.023837 4.928280
v -1.953500 2.356420 6.646718
v -2.421141 5.062351 4.901459
v -2.429069 5.097290 4.871870
v -2.437665 5.128316 4.839793
v -2.446844 5.155136 4.805536
v -2.456520 5.177493 4.769424
v -3.186303 5.947165 2.045837
v -2.407579 4.982111 4.952076
v -2.402074 4.937574 4.972619
v -2.397494 4.890649 4.989714
v -2.393880 4.841786 5.003200
v -2.391269 4.791450 5.012943
v -2.389685 4.740120 5.018855
v -2.389143 4.688287 5.020877
v -2.466336 5.156023 4.732790
v -2.475652 5.129848 4.698022
v -2.484372 5.099238 4.665478
v -2.492406 5.064507 4.635495
v -2.499671 5.026013 4.608379
v -2.506094 4.984153 4.584411
v -2.511606 4.939359 4.563838
v -2.512229 4.932890 4.561516
v -2.516152 4.892089 4.546872
v -2.519685 4.842833 4.533686
v -2.522169 4.792097 4.524417
v -2.523577 4.740405 4.519161
v -2.523896 4.688287 4.517971
v -2.523896 4.003399 4.517971
v -2.431204 3.141896 4.863903
v -2.389143 4.003398 5.020877
v -3.186303 5.049480 2.045837
v -2.431204 2.356421 4.863902
v 1.238303 3.646852 -6.887327
v 0.508934 4.728562 -5.624021
v 0.131384 3.646852 -7.033055
v -2.533550 8.415805 -3.647097
v -1.590375 6.732646 -8.256160
v -3.622636 8.415808 -7.711617
v -0.501290 6.732644 -4.191640
v -2.541050 7.630322 7.097564
v -1.952006 5.947163 6.652294
v -1.806795 5.947162 7.194230
v -1.953500 5.947163 6.646720
v -2.541050 7.630322 7.097564
v -2.444384 5.947163 6.363308
v -1.953500 5.947163 6.646720
v -14.541090 3.615062 7.359543
v -14.707524 2.219175 6.738423
v -14.706855 2.154386 6.740950
v -14.709506 2.283338 6.731033
v -14.712770 2.346259 6.718853
v -14.717287 2.407339 6.701997
v -14.723016 2.465994 6.680627
v -14.729897 2.521666 6.654949
v -15.021769 4.829372 5.565647
v -14.737864 2.573822 6.625204
v -14.746842 2.621966 6.591679
v -14.756761 2.665639 6.554691
v -14.767491 2.704422 6.514596
v -14.778978 2.737946 6.471775
v -14.791061 2.765893 6.426634
v -14.803332 2.739056 6.380842
v -14.814990 2.706338 6.337381
v -14.825878 2.668074 6.296702
v -14.835924 2.624661 6.259223
v -14.845001 2.576543 6.225328
v -14.853038 2.524219 6.195368
v -14.859921 2.468225 6.169651
v -14.860706 2.460139 6.166749
v -14.865608 2.409138 6.148443
v -14.870025 2.347568 6.131961
v -14.873132 2.284149 6.120376
v -14.874886 2.219532 6.113805
v -14.875284 2.154386 6.112319
v -14.875284 1.298275 6.112319
v -14.353792 -0.000005 8.058550
v -14.353792 3.141894 8.058552
v -14.706855 1.298274 6.740949
v -15.108897 -0.000003 5.240483
v -15.108897 5.049478 5.240487
v -15.646963 10.456627 2.582085
v -15.565677 10.091942 2.560302
v -15.646963 10.091942 2.582085
v -15.565677 10.456627 2.560302
v -4.818681 -0.000004 6.795465
v -4.226809 2.356418 9.004359
v -4.226809 -0.000006 9.004357
v -4.818681 1.346524 6.795465
v -4.891286 2.356420 6.524498
v -4.891286 1.683156 6.524497
v 8.325484 0.000002 -2.757528
v 7.380269 5.610536 -1.103190
v 7.380269 0.000001 -1.103194
v 8.325484 5.610537 -2.757524
v -0.415071 14.587394 -3.869861
v -0.353472 16.551075 -1.472227
v -0.957007 14.587394 -3.724649
v 0.188464 16.551075 -1.617438
v -3.886356 6.098089 2.233416
v -4.851003 5.049480 2.491891
v -3.886356 5.049480 2.233415
v -4.851003 6.098089 2.491892
v -3.890236 6.177449 2.234456
v -4.848721 6.177885 2.491280
v -3.901576 6.256037 2.237494
v -4.838640 6.257030 2.488580
v -3.920266 6.333107 2.242502
v -4.820861 6.334710 2.483816
v -3.946131 6.407920 2.249433
v -4.795569 6.410124 2.477038
v -3.978922 6.479764 2.258219
v -4.767478 6.472592 2.469512
v -4.763024 6.482497 2.468318
v -4.018328 6.547955 2.268778
v -4.723562 6.551081 2.457744
v -4.063972 6.611837 2.281008
v -4.677588 6.615171 2.445426
v -4.115417 6.670807 2.294793
v -4.625577 6.674108 2.431490
v -4.172174 6.724299 2.310001
v -4.568064 6.727283 2.416080
v -4.233702 6.771802 2.326488
v -4.505640 6.774149 2.399354
v -4.299413 6.812866 2.344095
v -4.438949 6.814224 2.381483
v -4.368680 6.847095 2.362655
v 3.617424 5.947170 -5.295248
v 0.188464 8.584119 -1.617443
v -0.501290 5.947170 -4.191640
v 4.307178 8.584120 -2.721049
v 1.917968 3.646852 -6.001571
v 1.772239 3.646851 -4.894651
v 0.508934 4.728562 -5.624021
v -3.128600 2.356419 7.548403
v -2.953021 2.677473 7.649775
v -2.637716 2.356419 7.831816
v -3.128600 5.947162 7.548406
v -2.953021 3.171762 7.649775
v -2.862869 3.171762 7.701825
v -2.946041 4.695745 7.653806
v -2.946041 5.190033 7.653807
v -2.855889 5.190032 7.705855
v -2.862869 2.677473 7.701825
v -2.637716 5.947162 7.831818
v -2.855889 4.695744 7.705855
v 0.080254 8.415799 6.107753
v -1.953500 5.947163 6.646720
v -1.952006 5.947163 6.652294
v -3.186303 5.947165 2.045837
v -1.154043 8.415802 1.501296
v -12.660795 2.017709 -3.912228
v -12.036585 1.161768 -4.097166
v -12.665215 1.161768 -3.928725
v -12.032163 2.017709 -4.080669
v -12.657931 2.082487 -3.911657
v -12.033314 2.082842 -4.079015
v -12.650212 2.146636 -3.912400
v -12.039550 2.147447 -4.076009
v -12.637706 2.209544 -3.914451
v -12.050808 2.210853 -4.071683
v -12.620535 2.270612 -3.917790
v -12.066971 2.272412 -4.066081
v -12.598864 2.329256 -3.922386
v -12.085016 2.323401 -4.060193
v -12.087875 2.331485 -4.059259
v -12.572896 2.384917 -3.928194
v -12.113301 2.387468 -4.051288
v -12.542884 2.437062 -3.935159
v -12.142992 2.439783 -4.042253
v -12.509109 2.485197 -3.943213
v -12.176638 2.487890 -4.032244
v -12.471895 2.528860 -3.952284
v -12.213894 2.531295 -4.021365
v -12.431600 2.567636 -3.962280
v -12.254375 2.569551 -4.009727
v -12.388606 2.601154 -3.973107
v -12.297667 2.602262 -3.997452
v -12.343322 2.629095 -3.984665
v -15.676005 10.540785 2.473698
v -15.594706 10.456627 2.451916
v -15.676005 10.456627 2.473698
v -15.594706 10.540785 2.451916
v -16.812517 6.847248 1.050210
v -17.030340 5.878669 0.237305
v -16.812517 5.878669 1.050209
v -16.812517 7.574497 1.050210
v -17.030340 6.847249 0.237306
v -17.030340 7.574498 0.237306
v -16.812517 5.878669 1.050209
v -17.301306 5.542037 0.309910
v -17.083496 5.542037 1.122815
v -17.030340 5.878669 0.237305
v -16.488400 -0.000276 0.092090
v -17.625425 -0.000277 1.268022
v -17.843246 -0.000276 0.455118
v -16.270590 -0.000276 0.904994
v -17.354460 1.682884 1.195418
v -17.843246 1.346252 0.455119
v -17.625425 1.346252 1.268023
v -17.572283 1.682885 0.382514
v -17.083496 4.233994 1.122814
v -17.572283 3.897363 0.382515
v -17.354460 3.897362 1.195419
v -17.301306 4.233994 0.309910
v -17.354460 3.897362 1.195419
v -17.572283 1.682885 0.382514
v -17.354460 1.682884 1.195418
v -17.572283 3.897363 0.382515
v -17.301306 5.542037 0.309910
v -17.083496 4.233994 1.122814
v -17.083496 5.542037 1.122815
v -17.301306 4.233994 0.309910
v -17.843246 1.346252 0.455119
v -17.625425 -0.000277 1.268022
v -17.625425 1.346252 1.268023
v -17.843246 -0.000276 0.455118
v -17.843246 1.346252 0.455119
v -16.488400 -0.000276 0.092090
v -17.843246 -0.000276 0.455118
v -16.488400 -0.000000 0.092090
v -17.572283 1.682885 0.382514
v -16.488400 5.049481 0.092093
v -17.572283 3.897363 0.382515
v -17.301306 4.233994 0.309910
v -17.301306 5.542037 0.309910
v -17.030340 5.878669 0.237305
v -16.488400 6.847249 0.092094
v -17.030340 6.847249 0.237306
v -16.270590 7.574221 0.904999
v -16.479378 7.574498 0.125758
v -16.270590 7.574497 0.904999
v -16.488400 7.574221 0.092095
v -16.488400 7.574498 0.092095
v -17.030340 7.574498 0.237306
v -16.554592 6.847249 -0.154913
v -17.030340 6.847249 0.237306
v -16.554592 6.957499 -0.154913
v -16.554592 7.574498 -0.154913
v -16.554592 7.574498 -0.154913
v -16.012651 6.957499 -0.300125
v -16.554592 6.957499 -0.154913
v -16.012651 7.574498 -0.300124
v -17.625425 1.346252 1.268023
v -16.270590 -0.000276 0.904994
v -17.625425 -0.000277 1.268022
v -17.354460 1.682884 1.195418
v -16.270590 7.574221 0.904999
v -16.433163 6.847248 0.948562
v -17.083496 4.233994 1.122814
v -17.354460 3.897362 1.195419
v -16.812517 5.878669 1.050209
v -17.083496 5.542037 1.122815
v -16.812517 6.847248 1.050210
v -16.433163 7.356130 0.948562
v -16.382345 6.847248 1.138239
v -16.812517 6.847248 1.050210
v -16.433163 6.847248 0.948562
v -16.433163 6.847248 0.948562
v -16.382345 7.356130 1.138240
v -16.382345 6.847248 1.138239
v -16.433163 7.356130 0.948562
v -16.382345 7.356130 1.138240
v -15.326719 7.574495 4.427583
v -15.489293 7.356128 4.471146
v -16.197983 7.574497 1.175967
v -16.382345 7.356130 1.138240
v -16.812517 6.847248 1.050210
v -16.382345 6.847248 1.138239
v -16.812517 7.574497 1.050210
v -16.197983 7.574497 1.175967
v -16.488400 7.574221 0.092095
v -16.488400 6.847249 0.092094
v -17.030340 6.847249 0.237306
v -16.488400 6.847249 0.092094
v -17.030340 6.847249 0.237306
v -16.554592 6.847249 -0.154913
v -16.812517 7.574497 1.050210
v -16.554592 7.574498 -0.154913
v -17.030340 7.574498 0.237306
v -16.488400 7.574498 0.092095
v -16.479378 7.574498 0.125758
v -16.197983 7.574497 1.175967
v -16.270590 7.574497 0.904999
v -16.012651 7.574498 -0.300124
v -16.454739 7.574498 0.083075
v -15.946470 7.574498 -0.053117
v -16.488400 6.847249 0.092094
v -15.126867 5.049481 -0.272728
v -16.488400 5.049481 0.092093
v -15.126867 6.098091 -0.272728
v -15.124587 6.177886 -0.273339
v -15.114511 6.257031 -0.276040
v -15.096727 6.334712 -0.280804
v -15.071432 6.410125 -0.287581
v -15.043343 6.472594 -0.295108
v -15.038898 6.482498 -0.296301
v -14.999437 6.551082 -0.306875
v -14.953465 6.615172 -0.319194
v -14.901449 6.674109 -0.333130
v -14.843933 6.727284 -0.348541
v -14.781514 6.774151 -0.365267
v -14.714820 6.814226 -0.383136
v -14.644551 6.847097 -0.401965
v -11.687110 6.847097 -1.194409
v -8.759346 6.847098 -1.978900
v -5.727246 6.847098 -2.791348
v -16.488400 7.574221 0.092095
v -15.946470 7.574221 -0.053117
v -15.946470 7.574498 -0.053117
v -16.488400 7.574498 0.092095
v -16.454739 7.574498 0.083075
v -5.244924 6.098093 -2.920588
v -4.565811 5.049483 -3.102556
v -5.244924 5.049483 -2.920588
v -4.565811 6.732643 -3.102556
v -5.248803 6.177453 -2.919549
v -5.260142 6.256041 -2.916511
v -5.278833 6.333110 -2.911501
v -5.304697 6.407924 -2.904571
v -5.337488 6.479768 -2.895784
v -5.376894 6.547958 -2.885226
v -5.422538 6.611841 -2.872996
v -5.473983 6.670811 -2.859211
v -5.530741 6.724302 -2.844003
v -5.592268 6.771806 -2.827517
v -4.565811 7.574223 -3.102555
v -5.657979 6.812870 -2.809909
v -8.277021 6.098092 -2.108139
v -6.209569 5.049483 -2.662113
v -8.277021 5.049483 -2.108140
v -6.209569 6.098093 -2.662112
v -8.280903 6.177452 -2.107100
v -6.207287 6.177888 -2.662723
v -8.292240 6.256040 -2.104062
v -6.197205 6.257033 -2.665425
v -8.310931 6.333110 -2.099053
v -6.179427 6.334713 -2.670188
v -8.336797 6.407923 -2.092123
v -6.154135 6.410127 -2.676965
v -8.369588 6.479767 -2.083335
v -6.126044 6.472596 -2.684492
v -6.121590 6.482500 -2.685685
v -8.408994 6.547957 -2.072777
v -6.082129 6.551084 -2.696259
v -8.454636 6.611840 -2.060547
v -6.036154 6.615174 -2.708578
v -8.506083 6.670810 -2.046762
v -5.984143 6.674111 -2.722513
v -8.562840 6.724302 -2.031554
v -5.926630 6.727286 -2.737926
v -8.624368 6.771805 -2.015067
v -5.864206 6.774153 -2.754652
v -8.690079 6.812869 -1.997460
v -5.797516 6.814228 -2.772521
v -11.204787 6.098092 -1.323647
v -9.241669 5.049483 -1.849664
v -11.204787 5.049482 -1.323648
v -9.241669 6.098092 -1.849663
v -9.239388 6.177888 -1.850275
v -11.208666 6.177452 -1.322608
v -11.220004 6.256040 -1.319569
v -9.229304 6.257032 -1.852975
v -11.238696 6.333109 -1.314561
v -9.211527 6.334713 -1.857739
v -11.264562 6.407923 -1.307631
v -9.186234 6.410127 -1.864517
v -11.297354 6.479767 -1.298844
v -9.158144 6.472595 -1.872044
v -9.153690 6.482500 -1.873237
v -11.336758 6.547957 -1.288285
v -9.114228 6.551084 -1.883811
v -11.382401 6.611840 -1.276055
v -9.068254 6.615174 -1.896129
v -11.433847 6.670810 -1.262270
v -9.016243 6.674110 -1.910066
v -11.490603 6.724301 -1.247062
v -8.958728 6.727286 -1.925475
v -11.552133 6.771805 -1.230576
v -8.896306 6.774152 -1.942202
v -11.617843 6.812869 -1.212969
v -8.829616 6.814227 -1.960072
v -14.162226 6.098091 -0.531204
v -12.169434 5.049482 -1.065172
v -14.162226 5.049482 -0.531204
v -12.169434 6.098091 -1.065171
v -14.166105 6.177451 -0.530164
v -12.167150 6.177887 -1.065782
v -14.177443 6.256039 -0.527126
v -12.157069 6.257031 -1.068484
v -14.196134 6.333109 -0.522118
v -12.139292 6.334712 -1.073247
v -14.221999 6.407922 -0.515187
v -12.113998 6.410126 -1.080024
v -14.254792 6.479766 -0.506401
v -12.085908 6.472594 -1.087551
v -12.081454 6.482499 -1.088745
v -14.294195 6.547956 -0.495842
v -12.041992 6.551083 -1.099319
v -14.339840 6.611839 -0.483612
v -11.996018 6.615173 -1.111637
v -14.391286 6.670809 -0.469827
v -11.944007 6.674110 -1.125573
v -14.448047 6.724301 -0.454619
v -11.886495 6.727285 -1.140984
v -14.509567 6.771804 -0.438132
v -11.824070 6.774152 -1.157710
v -14.575277 6.812868 -0.420525
v -11.757379 6.814227 -1.175580
v -16.454739 7.574498 0.083075
v -16.488400 7.574498 0.092095
v -16.479378 7.574498 0.125758
v -15.946470 7.574221 -0.053117
v -16.012651 7.574498 -0.300124
v -15.946470 7.574498 -0.053117
v -15.946470 7.074340 -0.053117
v -16.012651 6.957499 -0.300125
vn 0.9660 0.0000 -0.2587
vn 0.9659 -0.0000 -0.2589
vn -1.0000 0.0000 0.0000
vn 0.9659 0.0000 -0.2588
vn 0.1667 -0.7649 0.6222
vn -0.2852 -0.7067 -0.6475
vn -0.5000 -0.0000 0.8660
vn -0.1305 -0.0000 0.9914
vn -0.8023 -0.3766 -0.4632
vn 0.0000 1.0000 0.0000
vn -0.3811 -0.7799 -0.4966
vn -0.2588 0.0000 -0.9659
vn -0.2588 0.0001 -0.9659
vn 0.2588 -0.0000 0.9659
vn 0.1820 -0.7108 0.6794
vn 0.8888 -0.0000 0.4582
vn -0.2588 0.0200 -0.9657
vn -0.2588 0.0199 -0.9657
vn -0.6034 -0.7809 0.1617
vn -0.9659 -0.0000 0.2588
vn 1.0000 -0.0000 0.0000
vn -0.7934 -0.0000 0.6088
vn 0.0000 -1.0000 -0.0000
vn 0.2398 -0.3766 0.8948
vn -0.8660 0.0000 -0.5000
vn -0.1437 0.8316 -0.5365
vn 0.0516 0.0623 0.9967
vn 0.2588 -0.0001 0.9659
vn 0.6426 0.6909 0.3313
vn 0.5000 0.0000 -0.8660
vn -0.4966 -0.7799 0.3811
vn -0.1820 -0.7108 -0.6794
vn 0.1664 0.7659 0.6210
vn 0.8948 -0.3766 -0.2398
vn -0.9659 -0.0000 0.2590
vn -0.9659 0.0000 0.2589
vn -0.9659 0.0000 0.2587
vn -0.9659 -0.0001 0.2590
vn -0.9659 -0.0001 0.2588
vn -0.9658 0.0001 0.2591
vn -0.9660 -0.0001 0.2586
vn -0.9665 -0.0010 0.2565
vn -0.9657 0.0005 0.2597
vn -0.9716 -0.0074 0.2365
vn -0.9660 -0.0002 0.2585
vn -0.9665 0.0000 0.2567
vn -0.9660 -0.0001 0.2585
vn -0.9659 0.0004 0.2590
vn -0.9660 -0.0000 0.2585
vn -0.9659 0.0002 0.2590
vn -0.9660 -0.0000 0.2587
vn -0.9659 0.0000 0.2591
vn -0.9635 0.0004 0.2678
vn -0.9660 -0.0000 0.2586
vn -0.9654 0.0000 0.2606
vn -0.9659 0.0003 0.2588
vn -0.9659 0.0001 0.2588
vn -0.9659 0.0010 0.2590
vn -0.9659 0.0001 0.2589
vn -0.9646 0.0000 0.2636
vn -0.1664 0.7659 -0.6210
vn -0.1664 -0.7659 -0.6210
vn 0.1416 0.8370 0.5286
vn 0.2588 0.0001 0.9659
vn -0.6908 -0.6989 0.1851
vn -0.4311 -0.8754 0.2188
vn 0.2588 -0.0003 0.9659
vn 0.9659 0.0000 -0.2587
vn 0.9661 0.0000 -0.2583
vn 0.1542 -0.8033 0.5753
vn -0.9662 -0.0906 0.2415
vn -0.2589 -0.0001 -0.9659
vn -0.9658 -0.0000 0.2592
vn -0.9658 -0.0000 0.2591
vn 0.1664 -0.7659 0.6210
vn -0.2587 0.0200 -0.9657
vn -0.0036 0.9950 -0.0995
vn 0.0080 -0.8944 0.4472
vn -0.2587 0.0199 -0.9657
vn 0.7352 0.6487 -0.1970
vn -0.2398 -0.3766 -0.8948
vn 0.4632 -0.3766 -0.8023
vn -0.1084 0.0000 -0.9941
vn -0.6034 0.7809 0.1617
vn -0.9661 0.0000 0.2581
vn -0.9666 -0.0000 0.2561
vn -0.9659 -0.0001 0.2589
vn -0.9660 0.0001 0.2586
vn -0.9658 -0.0001 0.2591
vn -0.9652 -0.0001 0.2615
vn -0.9662 0.0000 0.2579
vn 0.8660 -0.0000 0.5000
vn 0.0767 -0.7067 0.7034
vn -0.2588 0.0003 -0.9659
vn -0.2589 -0.0000 -0.9659
vn -0.1667 -0.7649 -0.6222
vn 0.7650 -0.6105 -0.2050
vn 0.7651 -0.6105 -0.2050
vn -0.6088 0.0000 -0.7934
vn -0.2588 -0.0003 -0.9659
vn 0.1667 0.7649 0.6222
vn -0.1667 0.7649 -0.6222
vn 0.6034 -0.7809 -0.1617
vn 0.6908 -0.6989 -0.1851
vn -0.4106 -0.5797 0.7038
vn -0.9914 0.0000 -0.1305
vn 0.8374 0.4984 -0.2244
vn 0.8023 -0.3766 0.4632
vn 0.1976 0.6457 0.7376
vn 0.4031 -0.0000 0.9151
vn -0.7352 0.6487 0.1970
vn -0.9654 -0.0000 0.2608
vn -0.9660 0.0001 0.2587
vn -0.9660 0.0001 0.2584
vn -0.9653 -0.0002 0.2611
vn -0.9662 0.0000 0.2577
vn 0.5039 0.0000 -0.8638
vn -0.2588 0.0197 -0.9657
vn 0.7075 0.5797 0.4042
vn -0.9667 -0.0000 0.2560
vn -0.9659 0.0001 0.2587
vn -0.9653 -0.0001 0.2610
vn -0.9656 -0.0000 0.2599
vn -0.0817 -0.7799 0.6206
vn 0.6034 0.7809 -0.1617
vn -0.8948 -0.3766 0.2398
vn -0.4632 -0.3766 0.8023
vn -0.9661 -0.0005 0.2583
vn -0.9660 -0.0002 0.2584
vn -0.9658 0.0002 0.2592
vn -0.9661 -0.0003 0.2583
vn -0.9659 0.0001 0.2590
vn -0.9656 0.0003 0.2602
vn 0.8683 -0.0000 0.4961
vn -0.6206 -0.7799 -0.0817
vn -0.7352 0.6486 0.1970
vn -0.7420 0.6402 0.1988
vn -0.2587 0.0000 -0.9660
vn -0.2589 0.0001 -0.9659
vn 0.9660 0.0000 -0.2586
vn 0.9661 0.0082 -0.2582
vn 0.9657 0.0008 -0.2597
vn -0.6361 0.0000 -0.7716
vn -0.2005 0.0000 0.9797
vn -0.0633 -0.9961 -0.0623
vn -0.2589 -0.0002 -0.9659
vn -0.2625 0.0166 -0.9648
vn -0.2559 0.0246 -0.9664
vn -0.2524 0.0000 -0.9676
vn -0.2591 0.0000 -0.9659
vn -0.2591 -0.0015 -0.9659
vn 0.0000 -0.7311 -0.6823
vn 0.9662 0.0000 -0.2580
vn -0.8964 -0.0000 0.4432
usemtl Default_OBJ
s off
f 1//1 2//1 3//1
f 2//1 1//1 4//1
f 5//2 6//2 7//2
f 6//2 5//2 8//2
f 8//2 5//2 9//2
f 9//2 5//2 10//2
f 10//3 5//3 3//3
f 10//3 3//3 2//3
f 6//4 11//4 12//4
f 11//4 6//4 8//4
f 13//5 14//5 15//5
f 14//5 13//5 16//5
f 17//6 18//6 19//6
f 18//6 17//6 20//6
f 21//7 22//7 23//7
f 22//7 21//7 24//7
f 25//8 26//8 27//8
f 26//8 25//8 28//8
f 29//9 30//9 31//9
f 32//4 33//4 34//4
f 33//4 32//4 35//4
f 33//4 35//4 36//4
f 37//10 38//10 39//10
f 38//10 37//10 40//10
f 41//11 42//11 43//11
f 42//11 41//11 44//11
f 45//12 46//12 47//12
f 46//12 45//12 48//12
f 48//12 45//12 49//12
f 48//12 49//12 50//12
f 50//12 49//12 51//12
f 51//12 49//12 52//12
f 51//12 52//12 53//12
f 53//12 52//12 54//12
f 53//12 54//12 55//12
f 55//12 54//12 56//12
f 55//12 56//12 57//12
f 57//12 56//12 58//12
f 57//13 58//13 59//13
f 57//12 59//12 60//12
f 60//12 59//12 61//12
f 60//12 61//12 62//12
f 62//12 61//12 63//12
f 62//12 63//12 64//12
f 64//12 63//12 65//12
f 64//12 65//12 66//12
f 66//12 65//12 67//12
f 66//12 67//12 68//12
f 68//12 67//12 69//12
f 68//12 69//12 70//12
f 70//12 69//12 71//12
f 70//12 71//12 72//12
f 73//14 74//14 75//14
f 74//14 73//14 76//14
f 74//14 76//14 77//14
f 77//14 76//14 78//14
f 78//14 76//14 79//14
f 79//14 76//14 80//14
f 80//14 76//14 81//14
f 81//14 76//14 82//14
f 82//14 76//14 83//14
f 75//14 84//14 85//14
f 84//14 75//14 74//14
f 85//14 84//14 86//14
f 85//14 86//14 87//14
f 85//14 87//14 88//14
f 85//14 88//14 89//14
f 85//14 89//14 90//14
f 85//14 90//14 91//14
f 85//14 91//14 83//14
f 85//14 83//14 76//14
f 85//14 76//14 92//14
f 93//10 94//10 95//10
f 94//10 93//10 96//10
f 97//15 98//15 99//15
f 98//15 97//15 100//15
f 101//12 102//12 103//12
f 102//12 101//12 104//12
f 104//12 101//12 105//12
f 104//12 105//12 106//12
f 106//12 105//12 107//12
f 107//12 105//12 108//12
f 107//12 108//12 109//12
f 109//12 108//12 110//12
f 109//12 110//12 111//12
f 111//12 110//12 112//12
f 111//12 112//12 113//12
f 113//12 112//12 114//12
f 113//13 114//13 115//13
f 113//12 115//12 116//12
f 116//12 115//12 117//12
f 116//12 117//12 118//12
f 118//12 117//12 119//12
f 118//12 119//12 120//12
f 120//12 119//12 121//12
f 120//12 121//12 122//12
f 122//12 121//12 123//12
f 122//12 123//12 124//12
f 124//12 123//12 125//12
f 124//12 125//12 126//12
f 126//12 125//12 127//12
f 126//12 127//12 128//12
f 129//16 130//16 131//16
f 130//16 129//16 132//16
f 133//14 134//14 135//14
f 134//14 133//14 136//14
f 134//14 136//14 137//14
f 137//14 136//14 138//14
f 137//14 138//14 139//14
f 139//14 138//14 140//14
f 139//14 140//14 141//14
f 141//14 140//14 142//14
f 141//14 142//14 143//14
f 143//14 142//14 144//14
f 143//14 144//14 145//14
f 145//14 144//14 146//14
f 145//14 146//14 147//14
f 147//14 146//14 148//14
f 147//14 148//14 149//14
f 149//14 148//14 150//14
f 149//14 150//14 151//14
f 151//14 150//14 152//14
f 151//14 152//14 153//14
f 153//14 152//14 154//14
f 153//14 154//14 155//14
f 155//14 154//14 156//14
f 157//14 158//14 159//14
f 158//14 157//14 160//14
f 161//17 162//17 163//17
f 162//17 161//17 164//17
f 164//17 161//17 165//17
f 164//18 165//18 166//18
f 166//17 165//17 167//17
f 166//17 167//17 168//17
f 168//18 167//18 169//18
f 168//18 169//18 170//18
f 170//18 169//18 171//18
f 170//17 171//17 172//17
f 172//17 171//17 173//17
f 172//18 173//18 174//18
f 174//18 173//18 175//18
f 175//18 173//18 176//18
f 175//17 176//17 177//17
f 177//17 176//17 178//17
f 177//18 178//18 179//18
f 179//18 178//18 180//18
f 179//17 180//17 181//17
f 181//18 180//18 182//18
f 181//17 182//17 183//17
f 183//17 182//17 184//17
f 183//17 184//17 185//17
f 185//17 184//17 186//17
f 185//18 186//18 187//18
f 187//18 186//18 188//18
f 189//19 190//19 191//19
f 190//19 189//19 192//19
f 193//20 194//20 195//20
f 194//20 193//20 196//20
f 196//21 193//21 197//21
f 198//22 199//22 200//22
f 199//22 198//22 201//22
f 202//23 203//23 204//23
f 203//23 202//23 205//23
f 206//24 207//24 208//24
f 209//25 210//25 211//25
f 210//25 209//25 212//25
f 213//26 214//26 215//26
f 214//26 213//26 216//26
f 214//26 216//26 217//26
f 214//26 217//26 218//26
f 214//26 218//26 219//26
f 214//26 219//26 220//26
f 214//26 220//26 221//26
f 214//26 221//26 222//26
f 214//26 222//26 223//26
f 214//26 223//26 224//26
f 225//14 226//14 227//14
f 226//14 225//14 228//14
f 226//14 228//14 229//14
f 226//14 229//14 230//14
f 226//14 230//14 231//14
f 231//14 230//14 232//14
f 231//14 232//14 233//14
f 231//14 233//14 234//14
f 234//14 233//14 235//14
f 233//14 232//14 236//14
f 228//14 225//14 237//14
f 237//14 225//14 238//14
f 238//14 225//14 239//14
f 239//14 225//14 240//14
f 240//14 225//14 241//14
f 241//14 225//14 242//14
f 242//14 225//14 243//14
f 243//14 225//14 244//14
f 244//14 225//14 245//14
f 245//14 225//14 246//14
f 246//14 225//14 247//14
f 247//14 225//14 248//14
f 248//14 225//14 249//14
f 249//14 225//14 250//14
f 235//14 251//14 252//14
f 251//14 235//14 233//14
f 252//14 251//14 253//14
f 252//14 253//14 254//14
f 252//14 254//14 255//14
f 252//14 255//14 256//14
f 252//14 256//14 257//14
f 252//14 257//14 258//14
f 252//14 258//14 250//14
f 252//14 250//14 225//14
f 252//27 225//27 259//27
f 252//14 259//14 260//14
f 252//14 260//14 261//14
f 261//14 260//14 262//14
f 233//14 263//14 264//14
f 263//14 233//14 236//14
f 264//28 263//28 265//28
f 264//14 265//14 266//14
f 264//14 266//14 267//14
f 264//14 267//14 268//14
f 264//14 268//14 269//14
f 264//14 269//14 270//14
f 264//14 270//14 271//14
f 264//14 271//14 272//14
f 264//14 272//14 273//14
f 264//14 273//14 274//14
f 264//14 274//14 244//14
f 264//14 244//14 245//14
f 275//14 276//14 277//14
f 276//14 275//14 278//14
f 279//14 280//14 281//14
f 280//14 279//14 282//14
f 283//29 284//29 285//29
f 286//12 287//12 288//12
f 287//12 286//12 289//12
f 287//12 289//12 290//12
f 290//12 289//12 291//12
f 287//12 292//12 293//12
f 292//12 287//12 294//12
f 294//12 287//12 290//12
f 292//12 294//12 295//12
f 296//10 297//10 298//10
f 297//10 296//10 299//10
f 300//30 301//30 302//30
f 301//30 300//30 303//30
f 304//4 305//4 306//4
f 305//4 304//4 307//4
f 308//12 309//12 310//12
f 309//12 308//12 311//12
f 309//12 312//12 313//12
f 312//12 309//12 311//12
f 314//12 315//12 316//12
f 315//12 314//12 317//12
f 317//12 314//12 318//12
f 319//12 320//12 321//12
f 320//12 319//12 322//12
f 323//31 324//31 325//31
f 326//4 327//4 328//4
f 327//4 326//4 329//4
f 329//4 326//4 330//4
f 329//4 330//4 331//4
f 332//4 333//4 334//4
f 333//4 332//4 335//4
f 336//32 337//32 338//32
f 337//32 336//32 339//32
f 340//30 341//30 342//30
f 341//30 340//30 343//30
f 344//12 345//12 346//12
f 345//12 344//12 347//12
f 347//12 344//12 348//12
f 347//12 348//12 349//12
f 349//12 348//12 350//12
f 349//12 350//12 351//12
f 351//12 350//12 352//12
f 351//12 352//12 353//12
f 353//12 352//12 354//12
f 353//12 354//12 355//12
f 355//12 354//12 356//12
f 355//12 356//12 357//12
f 357//12 356//12 358//12
f 359//33 360//33 361//33
f 360//33 359//33 362//33
f 363//34 364//34 365//34
f 366//20 367//20 368//20
f 367//35 366//35 369//35
f 369//20 366//20 370//20
f 370//36 366//36 371//36
f 371//37 366//37 372//37
f 372//37 366//37 373//37
f 373//38 366//38 374//38
f 374//36 366//36 375//36
f 375//20 366//20 376//20
f 376//36 366//36 377//36
f 377//20 366//20 378//20
f 368//39 367//39 379//39
f 368//40 379//40 380//40
f 368//37 380//37 381//37
f 368//41 381//41 382//41
f 369//42 370//42 383//42
f 383//43 370//43 384//43
f 384//44 370//44 385//44
f 384//45 385//45 386//45
f 386//40 385//40 387//40
f 387//20 385//20 388//20
f 388//20 385//20 389//20
f 389//46 385//46 390//46
f 389//47 390//47 391//47
f 391//20 390//20 392//20
f 392//48 390//48 393//48
f 392//35 393//35 394//35
f 394//49 393//49 395//49
f 395//50 393//50 396//50
f 395//36 396//36 397//36
f 397//51 396//51 398//51
f 398//52 396//52 399//52
f 399//53 396//53 400//53
f 399//54 400//54 401//54
f 401//55 400//55 402//55
f 402//51 400//51 403//51
f 403//36 400//36 404//36
f 377//56 378//56 405//56
f 405//39 378//39 406//39
f 406//39 378//39 407//39
f 407//39 378//39 408//39
f 408//57 378//57 409//57
f 409//20 378//20 410//20
f 410//39 378//39 411//39
f 411//58 378//58 412//58
f 412//39 378//39 413//39
f 413//20 378//20 414//20
f 414//57 378//57 415//57
f 415//59 378//59 416//59
f 416//20 378//20 417//20
f 417//20 378//20 418//20
f 404//52 419//52 420//52
f 419//60 404//60 400//60
f 420//20 419//20 418//20
f 420//51 418//51 421//51
f 421//20 418//20 422//20
f 422//20 418//20 423//20
f 423//20 418//20 424//20
f 424//20 418//20 378//20
f 425//20 368//20 382//20
f 426//61 427//61 428//61
f 427//61 426//61 429//61
f 430//20 431//20 432//20
f 433//14 434//14 435//14
f 434//14 433//14 436//14
f 435//14 437//14 438//14
f 437//14 435//14 439//14
f 439//14 435//14 440//14
f 440//14 435//14 441//14
f 441//14 435//14 442//14
f 442//14 435//14 434//14
f 443//62 444//62 445//62
f 444//62 443//62 446//62
f 447//14 448//14 449//14
f 448//14 447//14 450//14
f 450//14 447//14 451//14
f 450//14 451//14 452//14
f 452//14 451//14 453//14
f 452//14 453//14 454//14
f 454//14 453//14 455//14
f 454//14 455//14 456//14
f 456//14 455//14 457//14
f 456//14 457//14 458//14
f 458//14 457//14 459//14
f 458//14 459//14 460//14
f 460//28 459//28 461//28
f 461//14 459//14 462//14
f 461//14 462//14 463//14
f 463//14 462//14 464//14
f 463//14 464//14 465//14
f 465//14 464//14 466//14
f 465//14 466//14 467//14
f 467//14 466//14 468//14
f 467//14 468//14 469//14
f 469//14 468//14 470//14
f 469//14 470//14 471//14
f 471//14 470//14 472//14
f 471//14 472//14 473//14
f 473//14 472//14 474//14
f 475//63 476//63 477//63
f 476//63 475//63 478//63
f 476//63 478//63 479//63
f 476//63 479//63 480//63
f 476//63 480//63 481//63
f 481//63 480//63 482//63
f 483//14 484//14 485//14
f 484//14 483//14 486//14
f 486//14 483//14 487//14
f 486//14 487//14 488//14
f 488//14 487//14 489//14
f 488//14 489//14 490//14
f 490//14 489//14 491//14
f 490//14 491//14 492//14
f 492//14 491//14 493//14
f 492//14 493//14 494//14
f 494//14 493//14 495//14
f 494//14 495//14 496//14
f 496//28 495//28 497//28
f 497//14 495//14 498//14
f 497//14 498//14 499//14
f 499//14 498//14 500//14
f 499//14 500//14 501//14
f 501//14 500//14 502//14
f 501//14 502//14 503//14
f 503//14 502//14 504//14
f 503//14 504//14 505//14
f 505//14 504//14 506//14
f 505//64 506//64 507//64
f 507//14 506//14 508//14
f 507//14 508//14 509//14
f 509//14 508//14 510//14
f 511//10 512//10 513//10
f 512//10 511//10 514//10
f 515//65 516//65 517//65
f 516//65 515//65 518//65
f 518//66 515//66 519//66
f 520//12 521//12 522//12
f 521//12 520//12 523//12
f 524//14 525//14 526//14
f 525//14 524//14 527//14
f 528//14 529//14 530//14
f 529//14 528//14 531//14
f 529//14 531//14 532//14
f 532//14 531//14 533//14
f 532//14 533//14 534//14
f 534//14 533//14 535//14
f 534//14 535//14 536//14
f 536//14 535//14 537//14
f 536//14 537//14 538//14
f 538//14 537//14 539//14
f 538//14 539//14 540//14
f 540//14 539//14 541//14
f 540//14 541//14 542//14
f 542//14 541//14 543//14
f 542//14 543//14 544//14
f 544//14 543//14 545//14
f 544//14 545//14 546//14
f 546//14 545//14 547//14
f 546//14 547//14 548//14
f 548//14 547//14 549//14
f 548//14 549//14 550//14
f 550//14 549//14 551//14
f 552//12 553//12 554//12
f 553//12 552//12 555//12
f 555//12 552//12 556//12
f 555//12 556//12 557//12
f 557//12 556//12 558//12
f 558//12 556//12 559//12
f 558//12 559//12 560//12
f 560//12 559//12 561//12
f 560//12 561//12 562//12
f 562//12 561//12 563//12
f 562//12 563//12 564//12
f 564//12 563//12 565//12
f 564//12 565//12 566//12
f 564//12 566//12 567//12
f 567//12 566//12 568//12
f 567//12 568//12 569//12
f 569//12 568//12 570//12
f 569//12 570//12 571//12
f 571//12 570//12 572//12
f 571//12 572//12 573//12
f 573//12 572//12 574//12
f 573//12 574//12 575//12
f 575//12 574//12 576//12
f 575//12 576//12 577//12
f 577//12 576//12 578//12
f 577//12 578//12 579//12
f 580//23 581//23 582//23
f 581//23 580//23 583//23
f 581//23 583//23 584//23
f 584//23 583//23 585//23
f 582//23 586//23 587//23
f 586//23 582//23 581//23
f 587//23 586//23 585//23
f 587//23 585//23 583//23
f 588//4 589//4 590//4
f 589//4 591//4 592//4
f 591//4 589//4 593//4
f 593//4 589//4 594//4
f 594//4 589//4 588//4
f 594//4 588//4 595//4
f 594//4 595//4 596//4
f 596//4 595//4 597//4
f 598//14 599//14 600//14
f 599//14 598//14 601//14
f 601//14 598//14 602//14
f 601//14 602//14 603//14
f 603//14 602//14 604//14
f 603//14 604//14 605//14
f 605//14 604//14 606//14
f 605//14 606//14 607//14
f 607//14 606//14 608//14
f 607//14 608//14 609//14
f 609//28 608//28 610//28
f 609//14 610//14 611//14
f 611//67 610//67 612//67
f 612//14 610//14 613//14
f 612//14 613//14 614//14
f 614//14 613//14 615//14
f 614//14 615//14 616//14
f 616//14 615//14 617//14
f 616//14 617//14 618//14
f 618//14 617//14 619//14
f 618//14 619//14 620//14
f 620//14 619//14 621//14
f 620//14 621//14 622//14
f 622//64 621//64 623//64
f 622//14 623//14 624//14
f 624//14 623//14 625//14
f 626//4 627//4 628//4
f 627//4 626//4 629//4
f 629//4 626//4 630//4
f 630//4 626//4 631//4
f 631//68 626//68 632//68
f 633//4 632//4 626//4
f 632//69 633//69 634//69
f 635//4 632//4 634//4
f 636//4 637//4 638//4
f 637//4 636//4 639//4
f 637//4 639//4 640//4
f 640//4 639//4 641//4
f 640//4 641//4 642//4
f 642//4 641//4 643//4
f 644//70 645//70 646//70
f 645//70 644//70 647//70
f 647//71 644//71 648//71
f 649//20 650//20 651//20
f 650//20 649//20 652//20
f 652//20 649//20 653//20
f 652//20 653//20 654//20
f 652//20 654//20 655//20
f 655//20 654//20 656//20
f 657//12 658//12 659//12
f 658//12 657//12 660//12
f 660//12 657//12 661//12
f 660//12 661//12 662//12
f 662//12 661//12 663//12
f 663//12 661//12 664//12
f 663//12 664//12 665//12
f 665//12 664//12 666//12
f 665//12 666//12 667//12
f 667//12 666//12 668//12
f 667//12 668//12 669//12
f 669//12 668//12 670//12
f 669//72 670//72 671//72
f 669//12 671//12 672//12
f 672//12 671//12 673//12
f 672//12 673//12 674//12
f 674//12 673//12 675//12
f 674//12 675//12 676//12
f 676//12 675//12 677//12
f 676//12 677//12 678//12
f 678//12 677//12 679//12
f 678//12 679//12 680//12
f 680//12 679//12 681//12
f 680//12 681//12 682//12
f 682//12 681//12 683//12
f 682//12 683//12 684//12
f 685//14 686//14 687//14
f 686//14 685//14 688//14
f 688//14 685//14 689//14
f 688//14 689//14 690//14
f 690//14 689//14 691//14
f 690//14 691//14 692//14
f 692//14 691//14 693//14
f 692//14 693//14 694//14
f 694//14 693//14 695//14
f 694//14 695//14 696//14
f 696//14 695//14 697//14
f 696//14 697//14 698//14
f 698//28 697//28 699//28
f 699//14 697//14 700//14
f 699//14 700//14 701//14
f 701//14 700//14 702//14
f 701//28 702//28 703//28
f 703//14 702//14 704//14
f 703//14 704//14 705//14
f 705//14 704//14 706//14
f 705//14 706//14 707//14
f 707//14 706//14 708//14
f 707//14 708//14 709//14
f 709//14 708//14 710//14
f 709//64 710//64 711//64
f 711//14 710//14 712//14
f 713//73 714//73 715//73
f 714//20 713//20 716//20
f 716//20 713//20 717//20
f 716//20 717//20 718//20
f 716//20 718//20 719//20
f 716//20 719//20 720//20
f 716//20 720//20 721//20
f 716//20 721//20 722//20
f 716//20 722//20 723//20
f 716//20 723//20 724//20
f 716//20 724//20 725//20
f 716//20 725//20 726//20
f 716//20 726//20 727//20
f 716//20 727//20 728//20
f 716//20 728//20 729//20
f 716//20 729//20 730//20
f 716//20 730//20 731//20
f 716//20 731//20 732//20
f 716//20 732//20 733//20
f 716//20 733//20 734//20
f 716//74 734//74 735//74
f 716//20 735//20 736//20
f 716//20 736//20 737//20
f 716//20 737//20 738//20
f 716//20 738//20 739//20
f 716//73 739//73 740//73
f 741//75 742//75 743//75
f 742//75 741//75 744//75
f 745//10 746//10 747//10
f 746//10 745//10 748//10
f 749//18 750//18 751//18
f 750//17 749//17 752//17
f 750//17 752//17 753//17
f 753//76 752//76 754//76
f 754//18 752//18 755//18
f 755//17 752//17 756//17
f 756//17 752//17 757//17
f 757//18 752//18 758//18
f 758//17 752//17 759//17
f 759//17 752//17 760//17
f 760//18 752//18 761//18
f 761//18 752//18 762//18
f 762//17 752//17 763//17
f 763//17 752//17 764//17
f 764//18 752//18 765//18
f 765//17 752//17 766//17
f 766//17 752//17 767//17
f 767//18 752//18 768//18
f 768//17 752//17 769//17
f 751//17 770//17 771//17
f 770//17 751//17 772//17
f 772//17 751//17 750//17
f 770//18 772//18 773//18
f 773//18 772//18 774//18
f 770//18 773//18 775//18
f 770//77 775//77 776//77
f 770//78 776//78 777//78
f 771//17 770//17 778//17
f 771//79 778//79 779//79
f 771//17 779//17 780//17
f 771//17 780//17 781//17
f 771//18 781//18 782//18
f 771//17 782//17 783//17
f 771//18 783//18 784//18
f 771//18 784//18 785//18
f 771//17 785//17 786//17
f 771//17 786//17 787//17
f 771//17 787//17 788//17
f 771//18 788//18 789//18
f 771//18 789//18 790//18
f 771//17 790//17 769//17
f 771//18 769//18 752//18
f 791//18 777//18 776//18
f 777//17 791//17 792//17
f 792//18 791//18 793//18
f 792//17 793//17 794//17
f 794//18 793//18 795//18
f 795//17 793//17 796//17
f 795//17 796//17 797//17
f 797//18 796//18 798//18
f 797//17 798//17 799//17
f 799//17 798//17 800//17
f 799//18 800//18 801//18
f 801//17 800//17 802//17
f 801//18 802//18 803//18
f 801//18 803//18 804//18
f 804//17 803//17 805//17
f 804//17 805//17 806//17
f 806//18 805//18 807//18
f 806//18 807//18 808//18
f 808//17 807//17 809//17
f 808//18 809//18 810//18
f 810//17 809//17 811//17
f 810//17 811//17 812//17
f 812//18 811//18 813//18
f 812//18 813//18 814//18
f 814//17 813//17 815//17
f 814//17 815//17 769//17
f 769//18 815//18 768//18
f 816//17 775//17 773//17
f 775//17 816//17 817//17
f 817//17 816//17 818//17
f 817//18 818//18 819//18
f 819//17 818//17 820//17
f 819//17 820//17 821//17
f 821//17 820//17 822//17
f 821//18 822//18 823//18
f 823//18 822//18 824//18
f 823//17 824//17 825//17
f 825//18 824//18 826//18
f 825//18 826//18 827//18
f 827//17 826//17 828//17
f 827//17 828//17 829//17
f 827//18 829//18 830//18
f 830//18 829//18 831//18
f 830//17 831//17 832//17
f 832//17 831//17 833//17
f 832//18 833//18 834//18
f 834//18 833//18 835//18
f 834//18 835//18 836//18
f 836//17 835//17 837//17
f 836//17 837//17 838//17
f 838//17 837//17 839//17
f 838//17 839//17 767//17
f 767//18 839//18 766//18
f 840//17 774//17 772//17
f 774//18 840//18 841//18
f 841//18 840//18 842//18
f 841//17 842//17 843//17
f 843//18 842//18 844//18
f 843//17 844//17 845//17
f 845//18 844//18 846//18
f 845//17 846//17 847//17
f 847//17 846//17 848//17
f 847//17 848//17 849//17
f 849//17 848//17 850//17
f 849//18 850//18 851//18
f 851//18 850//18 852//18
f 851//17 852//17 853//17
f 851//18 853//18 854//18
f 854//17 853//17 855//17
f 854//18 855//18 856//18
f 856//17 855//17 857//17
f 856//17 857//17 858//17
f 858//18 857//18 859//18
f 858//18 859//18 860//18
f 860//17 859//17 861//17
f 860//17 861//17 862//17
f 862//18 861//18 863//18
f 862//17 863//17 864//17
f 864//18 863//18 765//18
f 864//18 765//18 766//18
f 865//14 866//14 867//14
f 866//14 865//14 868//14
f 868//14 865//14 869//14
f 868//14 869//14 870//14
f 870//14 869//14 871//14
f 870//14 871//14 872//14
f 872//14 871//14 873//14
f 872//14 873//14 874//14
f 874//14 873//14 875//14
f 874//14 875//14 876//14
f 876//14 875//14 877//14
f 876//14 877//14 878//14
f 878//14 877//14 879//14
f 880//23 881//23 882//23
f 881//23 880//23 883//23
f 884//80 885//80 886//80
f 885//80 884//80 887//80
f 888//81 889//81 890//81
f 891//14 892//14 893//14
f 892//14 891//14 894//14
f 895//82 896//82 897//82
f 898//10 899//10 900//10
f 899//10 898//10 901//10
f 902//10 903//10 904//10
f 903//10 902//10 905//10
f 906//83 907//83 908//83
f 907//83 906//83 909//83
f 910//84 911//84 912//84
f 911//84 910//84 913//84
f 914//23 915//23 916//23
f 917//23 916//23 918//23
f 916//23 917//23 914//23
f 914//23 917//23 919//23
f 919//23 917//23 920//23
f 920//23 917//23 921//23
f 921//23 917//23 922//23
f 914//23 923//23 924//23
f 923//23 914//23 925//23
f 925//23 914//23 919//23
f 924//23 923//23 926//23
f 924//23 926//23 927//23
f 924//23 927//23 928//23
f 929//20 930//20 931//20
f 930//20 929//20 932//20
f 932//20 929//20 933//20
f 932//20 933//20 934//20
f 932//20 934//20 935//20
f 932//20 935//20 936//20
f 932//20 936//20 937//20
f 932//20 937//20 938//20
f 932//20 938//20 939//20
f 932//20 939//20 940//20
f 932//20 940//20 941//20
f 932//20 941//20 942//20
f 932//20 942//20 943//20
f 932//20 943//20 944//20
f 932//20 944//20 945//20
f 932//20 945//20 946//20
f 932//20 946//20 947//20
f 932//20 947//20 948//20
f 932//20 948//20 949//20
f 932//20 949//20 950//20
f 932//20 950//20 951//20
f 932//20 951//20 952//20
f 932//20 952//20 953//20
f 932//20 953//20 954//20
f 932//36 954//36 955//36
f 932//85 955//85 956//85
f 957//80 958//80 959//80
f 958//80 957//80 960//80
f 961//86 962//86 963//86
f 962//20 961//20 964//20
f 964//20 961//20 965//20
f 964//20 965//20 966//20
f 964//20 966//20 967//20
f 964//87 967//87 968//87
f 964//20 968//20 969//20
f 964//20 969//20 970//20
f 964//37 970//37 971//37
f 964//36 971//36 972//36
f 964//88 972//88 973//88
f 964//38 973//38 974//38
f 964//88 974//88 975//88
f 964//20 975//20 976//20
f 964//89 976//89 977//89
f 964//49 977//49 978//49
f 964//36 978//36 979//36
f 964//51 979//51 980//51
f 964//74 980//74 981//74
f 964//49 981//49 982//49
f 964//90 982//90 983//90
f 964//54 983//54 984//54
f 964//20 984//20 985//20
f 964//52 985//52 986//52
f 964//91 986//91 987//91
f 964//35 987//35 988//35
f 989//14 990//14 991//14
f 990//14 989//14 992//14
f 993//17 994//17 995//17
f 994//17 993//17 996//17
f 996//18 993//18 997//18
f 996//18 997//18 998//18
f 998//18 997//18 999//18
f 998//17 999//17 1000//17
f 1000//17 999//17 1001//17
f 1000//17 1001//17 1002//17
f 1002//17 1001//17 1003//17
f 1002//18 1003//18 1004//18
f 1004//18 1003//18 1005//18
f 1004//17 1005//17 1006//17
f 1006//17 1005//17 1007//17
f 1007//18 1005//18 1008//18
f 1007//18 1008//18 1009//18
f 1009//17 1008//17 1010//17
f 1009//17 1010//17 1011//17
f 1011//18 1010//18 1012//18
f 1011//17 1012//17 1013//17
f 1013//18 1012//18 1014//18
f 1013//17 1014//17 1015//17
f 1015//17 1014//17 1016//17
f 1015//18 1016//18 1017//18
f 1017//18 1016//18 1018//18
f 1017//18 1018//18 1019//18
f 1019//17 1018//17 1020//17
f 1021//14 1022//14 1023//14
f 1022//14 1021//14 1024//14
f 1025//92 1026//92 1027//92
f 1026//92 1025//92 1028//92
f 1029//93 1030//93 1031//93
f 1030//93 1029//93 1032//93
f 1033//12 1034//12 1035//12
f 1034//12 1033//12 1036//12
f 1035//12 1034//12 1037//12
f 1035//12 1037//12 1038//12
f 1038//12 1037//12 1039//12
f 1038//12 1039//12 1040//12
f 1040//12 1039//12 1041//12
f 1040//12 1041//12 1042//12
f 1042//12 1041//12 1043//12
f 1042//12 1043//12 1044//12
f 1044//12 1043//12 1045//12
f 1044//12 1045//12 1046//12
f 1046//12 1045//12 1047//12
f 1046//94 1047//94 1048//94
f 1048//12 1047//12 1049//12
f 1049//12 1047//12 1050//12
f 1049//12 1050//12 1051//12
f 1051//12 1050//12 1052//12
f 1051//12 1052//12 1053//12
f 1053//12 1052//12 1054//12
f 1053//12 1054//12 1055//12
f 1055//12 1054//12 1056//12
f 1055//12 1056//12 1057//12
f 1057//12 1056//12 1058//12
f 1057//12 1058//12 1059//12
f 1059//12 1058//12 1060//12
f 1059//12 1060//12 1061//12
f 1061//12 1060//12 1062//12
f 1063//12 1036//12 1064//12
f 1036//12 1063//12 1065//12
f 1064//12 1036//12 1033//12
f 1036//12 1065//12 1066//12
f 1066//12 1065//12 1067//12
f 1067//12 1065//12 1068//12
f 1068//95 1065//95 1069//95
f 1069//12 1065//12 1070//12
f 1070//95 1065//95 1071//95
f 1071//13 1065//13 1072//13
f 1072//12 1065//12 1073//12
f 1073//95 1065//95 1074//95
f 1074//12 1065//12 1075//12
f 1075//12 1065//12 1076//12
f 1076//12 1065//12 1077//12
f 1077//12 1065//12 1078//12
f 1078//12 1065//12 1062//12
f 1064//12 1079//12 1080//12
f 1079//12 1064//12 1033//12
f 1080//12 1079//12 1081//12
f 1080//12 1081//12 1082//12
f 1080//12 1082//12 1083//12
f 1080//12 1083//12 1084//12
f 1080//12 1084//12 1085//12
f 1080//12 1085//12 1086//12
f 1080//12 1086//12 1087//12
f 1080//12 1087//12 1088//12
f 1080//12 1088//12 1089//12
f 1080//12 1089//12 1090//12
f 1080//12 1090//12 1091//12
f 1080//12 1091//12 1092//12
f 1080//12 1092//12 1061//12
f 1080//12 1061//12 1062//12
f 1080//12 1062//12 1065//12
f 1093//12 1094//12 1095//12
f 1094//12 1093//12 1096//12
f 1094//12 1097//12 1098//12
f 1097//12 1094//12 1096//12
f 1099//96 1100//96 1101//96
f 1100//96 1099//96 1102//96
f 1103//97 1104//97 1105//97
f 1104//98 1103//98 1106//98
f 1107//99 1108//99 1109//99
f 1108//99 1107//99 1110//99
f 1111//14 1112//14 1113//14
f 1112//14 1111//14 1114//14
f 1114//14 1111//14 1115//14
f 1114//14 1115//14 1116//14
f 1116//14 1115//14 1117//14
f 1117//14 1115//14 1118//14
f 1118//14 1115//14 1119//14
f 1119//14 1115//14 1120//14
f 1120//14 1115//14 1121//14
f 1121//14 1115//14 1122//14
f 1122//14 1115//14 1123//14
f 1123//14 1115//14 1124//14
f 1124//14 1115//14 1125//14
f 1125//14 1115//14 1126//14
f 1126//14 1115//14 1127//14
f 1128//14 1129//14 1130//14
f 1129//14 1128//14 1131//14
f 1131//14 1128//14 1132//14
f 1131//14 1132//14 1133//14
f 1131//14 1133//14 1134//14
f 1131//14 1134//14 1135//14
f 1131//14 1135//14 1136//14
f 1131//64 1136//64 1137//64
f 1131//14 1137//14 1138//14
f 1131//14 1138//14 1139//14
f 1131//14 1139//14 1140//14
f 1131//14 1140//14 1141//14
f 1131//14 1141//14 1142//14
f 1131//14 1142//14 1143//14
f 1131//14 1143//14 1127//14
f 1131//28 1127//28 1144//28
f 1144//14 1127//14 1115//14
f 1131//14 1144//14 1145//14
f 1131//14 1145//14 1146//14
f 1147//12 1148//12 1149//12
f 1148//12 1147//12 1150//12
f 1150//12 1147//12 1151//12
f 1150//12 1151//12 1152//12
f 1152//12 1151//12 1153//12
f 1153//12 1151//12 1154//12
f 1153//12 1154//12 1155//12
f 1155//12 1154//12 1156//12
f 1155//12 1156//12 1157//12
f 1157//12 1156//12 1158//12
f 1157//12 1158//12 1159//12
f 1159//12 1158//12 1160//12
f 1159//13 1160//13 1161//13
f 1159//12 1161//12 1162//12
f 1162//12 1161//12 1163//12
f 1162//12 1163//12 1164//12
f 1164//12 1163//12 1165//12
f 1164//12 1165//12 1166//12
f 1166//12 1165//12 1167//12
f 1166//12 1167//12 1168//12
f 1168//12 1167//12 1169//12
f 1168//12 1169//12 1170//12
f 1170//12 1169//12 1171//12
f 1170//12 1171//12 1172//12
f 1172//12 1171//12 1173//12
f 1172//12 1173//12 1174//12
f 1175//12 1176//12 1177//12
f 1176//12 1175//12 1178//12
f 1178//12 1175//12 1179//12
f 1178//12 1179//12 1180//12
f 1180//12 1179//12 1181//12
f 1181//12 1179//12 1182//12
f 1181//12 1182//12 1183//12
f 1183//12 1182//12 1184//12
f 1183//12 1184//12 1185//12
f 1185//12 1184//12 1186//12
f 1185//12 1186//12 1187//12
f 1187//12 1186//12 1188//12
f 1187//100 1188//100 1189//100
f 1187//12 1189//12 1190//12
f 1190//12 1189//12 1191//12
f 1190//12 1191//12 1192//12
f 1192//12 1191//12 1193//12
f 1192//12 1193//12 1194//12
f 1194//12 1193//12 1195//12
f 1194//12 1195//12 1196//12
f 1196//12 1195//12 1197//12
f 1196//12 1197//12 1198//12
f 1198//12 1197//12 1199//12
f 1198//12 1199//12 1200//12
f 1200//12 1199//12 1201//12
f 1200//12 1201//12 1202//12
f 1203//4 1204//4 1205//4
f 1204//4 1203//4 1206//4
f 1206//4 1203//4 1207//4
f 1208//4 1204//4 1206//4
f 1209//4 1210//4 1211//4
f 1212//4 1213//4 1214//4
f 1213//4 1212//4 1215//4
f 1213//4 1215//4 1216//4
f 1213//4 1216//4 1210//4
f 1210//4 1216//4 1211//4
f 1211//4 1216//4 1217//4
f 1217//4 1216//4 1218//4
f 1217//4 1218//4 1219//4
f 1217//2 1219//2 1220//2
f 1221//12 1222//12 1223//12
f 1222//12 1221//12 1224//12
f 1225//4 1226//4 1227//4
f 1226//4 1225//4 1228//4
f 1228//4 1225//4 1229//4
f 1229//4 1225//4 1230//4
f 1229//4 1230//4 1231//4
f 1229//4 1231//4 1232//4
f 1232//4 1231//4 1233//4
f 1233//4 1231//4 1234//4
f 1234//4 1231//4 1235//4
f 1226//4 1236//4 1233//4
f 1236//4 1226//4 1237//4
f 1237//4 1226//4 1238//4
f 1238//4 1226//4 1239//4
f 1239//4 1226//4 1240//4
f 1240//4 1226//4 1241//4
f 1241//4 1226//4 1242//4
f 1242//4 1226//4 1243//4
f 1243//4 1226//4 1244//4
f 1244//4 1226//4 1245//4
f 1245//4 1226//4 1246//4
f 1246//4 1226//4 1247//4
f 1247//4 1226//4 1248//4
f 1248//4 1226//4 1228//4
f 1233//4 1236//4 1249//4
f 1233//4 1249//4 1250//4
f 1233//4 1250//4 1251//4
f 1233//4 1251//4 1252//4
f 1233//4 1252//4 1253//4
f 1233//4 1253//4 1254//4
f 1233//4 1254//4 1255//4
f 1233//4 1255//4 1256//4
f 1233//4 1256//4 1257//4
f 1233//4 1257//4 1258//4
f 1233//4 1258//4 1259//4
f 1233//4 1259//4 1260//4
f 1233//4 1260//4 1232//4
f 1261//101 1262//101 1263//101
f 1262//101 1261//101 1264//101
f 1265//102 1266//102 1267//102
f 1266//102 1265//102 1268//102
f 1269//103 1270//103 1271//103
f 1270//103 1269//103 1272//103
f 1273//104 1274//104 1275//104
f 1274//104 1273//104 1276//104
f 1276//104 1273//104 1277//104
f 1277//104 1273//104 1278//104
f 1279//105 1280//105 1281//105
f 1282//20 1283//20 1284//20
f 1283//20 1282//20 1285//20
f 1285//20 1282//20 1286//20
f 1285//20 1286//20 1287//20
f 1285//20 1287//20 1288//20
f 1288//20 1287//20 1289//20
f 1288//21 1289//21 1290//21
f 1291//14 1292//14 1293//14
f 1292//14 1291//14 1294//14
f 1294//14 1291//14 1295//14
f 1292//14 1296//14 1297//14
f 1296//14 1292//14 1298//14
f 1298//14 1292//14 1299//14
f 1299//14 1292//14 1294//14
f 1298//14 1299//14 1300//14
f 1301//106 1302//106 1303//106
f 1302//106 1301//106 1304//106
f 1305//107 1306//107 1307//107
f 1306//107 1305//107 1308//107
f 1309//108 1310//108 1311//108
f 1312//109 1313//109 1314//109
f 1315//110 1316//110 1317//110
f 1316//110 1315//110 1318//110
f 1319//96 1320//96 1321//96
f 1320//96 1319//96 1322//96
f 1323//14 1324//14 1325//14
f 1324//14 1323//14 1326//14
f 1327//111 1328//111 1329//111
f 1328//111 1327//111 1330//111
f 1331//14 1332//14 1333//14
f 1332//14 1331//14 1334//14
f 1334//14 1331//14 1335//14
f 1334//14 1335//14 1336//14
f 1336//14 1335//14 1337//14
f 1336//14 1337//14 1338//14
f 1338//14 1337//14 1339//14
f 1338//14 1339//14 1340//14
f 1340//14 1339//14 1341//14
f 1340//14 1341//14 1342//14
f 1342//14 1341//14 1343//14
f 1342//14 1343//14 1344//14
f 1344//64 1343//64 1345//64
f 1345//14 1343//14 1346//14
f 1345//14 1346//14 1347//14
f 1347//14 1346//14 1348//14
f 1347//14 1348//14 1349//14
f 1349//14 1348//14 1350//14
f 1349//14 1350//14 1351//14
f 1351//14 1350//14 1352//14
f 1351//14 1352//14 1353//14
f 1353//14 1352//14 1354//14
f 1353//14 1354//14 1355//14
f 1355//14 1354//14 1356//14
f 1355//14 1356//14 1357//14
f 1357//14 1356//14 1358//14
f 1359//12 1360//12 1361//12
f 1360//12 1359//12 1362//12
f 1362//12 1359//12 1363//12
f 1362//12 1363//12 1364//12
f 1364//12 1363//12 1365//12
f 1365//12 1363//12 1366//12
f 1365//12 1366//12 1367//12
f 1367//12 1366//12 1368//12
f 1367//12 1368//12 1369//12
f 1369//12 1368//12 1370//12
f 1369//12 1370//12 1371//12
f 1371//12 1370//12 1372//12
f 1371//13 1372//13 1373//13
f 1371//12 1373//12 1374//12
f 1374//12 1373//12 1375//12
f 1374//12 1375//12 1376//12
f 1376//12 1375//12 1377//12
f 1376//12 1377//12 1378//12
f 1378//12 1377//12 1379//12
f 1378//12 1379//12 1380//12
f 1380//12 1379//12 1381//12
f 1380//12 1381//12 1382//12
f 1382//12 1381//12 1383//12
f 1382//12 1383//12 1384//12
f 1384//12 1383//12 1385//12
f 1384//12 1385//12 1386//12
f 1387//112 1388//112 1389//112
f 1388//20 1387//20 1390//20
f 1390//39 1387//39 1391//39
f 1390//20 1391//20 1392//20
f 1390//20 1392//20 1393//20
f 1390//87 1393//87 1394//87
f 1390//88 1394//88 1395//88
f 1390//38 1395//38 1396//38
f 1390//113 1396//113 1397//113
f 1390//87 1397//87 1398//87
f 1390//20 1398//20 1399//20
f 1390//20 1399//20 1400//20
f 1390//88 1400//88 1401//88
f 1390//36 1401//36 1402//36
f 1390//74 1402//74 1403//74
f 1390//114 1403//114 1404//114
f 1390//35 1404//35 1405//35
f 1390//51 1405//51 1406//51
f 1390//73 1406//73 1407//73
f 1390//49 1407//49 1408//49
f 1390//115 1408//115 1409//115
f 1390//51 1409//51 1410//51
f 1390//36 1410//36 1411//36
f 1390//52 1411//52 1412//52
f 1390//116 1412//116 1413//116
f 1390//36 1413//36 1414//36
f 1415//23 1416//23 1417//23
f 1416//23 1415//23 1418//23
f 1419//20 1420//20 1421//20
f 1420//20 1419//20 1422//20
f 1423//20 1424//20 1425//20
f 1424//20 1423//20 1426//20
f 1426//20 1423//20 1427//20
f 1427//20 1423//20 1428//20
f 1427//20 1428//20 1429//20
f 1430//32 1431//32 1432//32
f 1431//32 1430//32 1433//32
f 1434//20 1435//20 1436//20
f 1435//20 1434//20 1437//20
f 1437//20 1434//20 1438//20
f 1439//117 1440//117 1441//117
f 1440//117 1439//117 1442//117
f 1443//20 1444//20 1445//20
f 1444//20 1443//20 1446//20
f 1447//4 1448//4 1449//4
f 1448//4 1447//4 1450//4
f 1450//4 1447//4 1451//4
f 1451//4 1447//4 1452//4
f 1451//4 1452//4 1453//4
f 1453//4 1452//4 1454//4
f 1455//17 1456//17 1457//17
f 1456//17 1455//17 1458//17
f 1458//17 1455//17 1459//17
f 1458//18 1459//18 1460//18
f 1460//18 1459//18 1461//18
f 1460//18 1461//18 1462//18
f 1462//17 1461//17 1463//17
f 1462//17 1463//17 1464//17
f 1464//17 1463//17 1465//17
f 1464//17 1465//17 1466//17
f 1466//18 1465//18 1467//18
f 1466//17 1467//17 1468//17
f 1468//118 1467//118 1469//118
f 1469//17 1467//17 1470//17
f 1469//17 1470//17 1471//17
f 1471//17 1470//17 1472//17
f 1471//17 1472//17 1473//17
f 1473//18 1472//18 1474//18
f 1473//17 1474//17 1475//17
f 1475//18 1474//18 1476//18
f 1475//18 1476//18 1477//18
f 1477//17 1476//17 1478//17
f 1477//17 1478//17 1479//17
f 1479//17 1478//17 1480//17
f 1479//18 1480//18 1481//18
f 1481//18 1480//18 1482//18
f 1483//20 1484//20 1485//20
f 1484//20 1483//20 1486//20
f 1487//36 1488//36 1489//36
f 1488//36 1487//36 1490//36
f 1490//36 1487//36 1491//36
f 1491//36 1487//36 1492//36
f 1492//21 1487//21 1485//21
f 1492//3 1485//3 1484//3
f 1488//20 1493//20 1494//20
f 1493//20 1488//20 1490//20
f 1495//119 1496//119 1497//119
f 1498//120 1499//120 1500//120
f 1499//20 1498//20 1501//20
f 1501//20 1498//20 1502//20
f 1501//20 1502//20 1503//20
f 1501//36 1503//36 1504//36
f 1501//36 1504//36 1505//36
f 1501//36 1505//36 1506//36
f 1501//121 1506//121 1507//121
f 1501//37 1507//37 1508//37
f 1501//35 1508//35 1509//35
f 1501//36 1509//36 1510//36
f 1501//20 1510//20 1511//20
f 1501//36 1511//36 1512//36
f 1501//36 1512//36 1513//36
f 1501//20 1513//20 1514//20
f 1501//20 1514//20 1515//20
f 1501//88 1515//88 1516//88
f 1501//52 1516//52 1517//52
f 1501//54 1517//54 1518//54
f 1501//49 1518//49 1519//49
f 1501//122 1519//122 1520//122
f 1501//51 1520//51 1521//51
f 1501//37 1521//37 1522//37
f 1501//35 1522//35 1523//35
f 1501//123 1523//123 1524//123
f 1501//20 1524//20 1525//20
f 1526//14 1527//14 1528//14
f 1527//64 1526//64 1529//64
f 1527//14 1529//14 1530//14
f 1530//14 1529//14 1531//14
f 1530//14 1531//14 1532//14
f 1530//14 1532//14 1533//14
f 1533//14 1532//14 1534//14
f 1533//14 1534//14 1535//14
f 1535//14 1534//14 1536//14
f 1536//14 1534//14 1537//14
f 1536//14 1537//14 1538//14
f 1538//14 1537//14 1539//14
f 1539//14 1537//14 1540//14
f 1539//14 1540//14 1541//14
f 1541//14 1540//14 1542//14
f 1542//14 1540//14 1543//14
f 1542//14 1543//14 1544//14
f 1544//14 1543//14 1545//14
f 1545//14 1543//14 1546//14
f 1547//14 1548//14 1549//14
f 1548//14 1547//14 1550//14
f 1550//14 1547//14 1551//14
f 1550//14 1551//14 1552//14
f 1552//14 1551//14 1553//14
f 1552//14 1553//14 1554//14
f 1554//14 1553//14 1555//14
f 1554//14 1555//14 1556//14
f 1556//14 1555//14 1557//14
f 1556//14 1557//14 1558//14
f 1558//14 1557//14 1559//14
f 1558//14 1559//14 1560//14
f 1560//14 1559//14 1561//14
f 1560//14 1561//14 1562//14
f 1560//14 1562//14 1563//14
f 1563//14 1562//14 1564//14
f 1563//14 1564//14 1565//14
f 1565//14 1564//14 1566//14
f 1565//14 1566//14 1567//14
f 1567//14 1566//14 1568//14
f 1567//14 1568//14 1569//14
f 1569//14 1568//14 1570//14
f 1569//14 1570//14 1571//14
f 1571//14 1570//14 1572//14
f 1571//14 1572//14 1546//14
f 1571//14 1546//14 1573//14
f 1573//28 1546//28 1543//28
f 1573//14 1543//14 1574//14
f 1573//14 1574//14 1575//14
f 1576//14 1577//14 1578//14
f 1577//14 1576//14 1579//14
f 1579//14 1576//14 1580//14
f 1580//14 1576//14 1581//14
f 1581//14 1576//14 1582//14
f 1582//14 1576//14 1583//14
f 1583//14 1576//14 1584//14
f 1584//14 1576//14 1585//14
f 1585//14 1576//14 1586//14
f 1586//14 1576//14 1587//14
f 1587//14 1576//14 1588//14
f 1588//14 1576//14 1589//14
f 1589//14 1576//14 1590//14
f 1590//14 1576//14 1591//14
f 1591//14 1576//14 1526//14
f 1591//14 1526//14 1528//14
f 1526//64 1576//64 1592//64
f 1592//14 1576//14 1593//14
f 1593//14 1576//14 1594//14
f 1594//14 1576//14 1595//14
f 1595//14 1576//14 1596//14
f 1595//14 1596//14 1597//14
f 1597//14 1596//14 1598//14
f 1598//14 1596//14 1599//14
f 1599//14 1596//14 1600//14
f 1600//14 1596//14 1601//14
f 1601//14 1596//14 1602//14
f 1602//14 1596//14 1603//14
f 1603//28 1596//28 1604//28
f 1605//14 1606//14 1607//14
f 1606//14 1605//14 1608//14
f 1606//14 1608//14 1609//14
f 1608//14 1605//14 1549//14
f 1549//14 1605//14 1610//14
f 1549//28 1610//28 1611//28
f 1608//28 1549//28 1548//28
f 1609//14 1608//14 1612//14
f 1609//14 1612//14 1613//14
f 1609//14 1613//14 1614//14
f 1609//14 1614//14 1615//14
f 1609//14 1615//14 1616//14
f 1609//14 1616//14 1617//14
f 1609//14 1617//14 1618//14
f 1609//14 1618//14 1619//14
f 1609//14 1619//14 1620//14
f 1609//14 1620//14 1621//14
f 1609//14 1621//14 1622//14
f 1609//14 1622//14 1623//14
f 1609//14 1623//14 1624//14
f 1609//14 1624//14 1575//14
f 1609//14 1575//14 1574//14
f 1609//14 1574//14 1625//14
f 1609//14 1625//14 1626//14
f 1609//14 1626//14 1627//14
f 1609//28 1627//28 1604//28
f 1609//14 1604//14 1596//14
f 1628//14 1611//14 1610//14
f 1611//14 1628//14 1528//14
f 1528//14 1628//14 1629//14
f 1528//14 1629//14 1630//14
f 1528//14 1630//14 1631//14
f 1528//14 1631//14 1632//14
f 1528//14 1632//14 1633//14
f 1528//14 1633//14 1634//14
f 1528//14 1634//14 1635//14
f 1528//14 1635//14 1636//14
f 1528//14 1636//14 1637//14
f 1528//14 1637//14 1638//14
f 1528//14 1638//14 1591//14
f 1639//20 1640//20 1641//20
f 1640//20 1639//20 1642//20
f 1642//20 1639//20 1643//20
f 1643//20 1639//20 1644//20
f 1644//20 1639//20 1645//20
f 1645//20 1639//20 1646//20
f 1646//20 1639//20 1647//20
f 1641//59 1640//59 1648//59
f 1641//20 1648//20 1649//20
f 1641//36 1649//36 1650//36
f 1641//20 1650//20 1651//20
f 1641//20 1651//20 1652//20
f 1641//20 1652//20 1653//20
f 1641//20 1653//20 1654//20
f 1646//20 1647//20 1655//20
f 1655//20 1647//20 1656//20
f 1656//20 1647//20 1657//20
f 1657//20 1647//20 1658//20
f 1658//20 1647//20 1659//20
f 1659//20 1647//20 1660//20
f 1660//20 1647//20 1661//20
f 1661//57 1647//57 1662//57
f 1662//20 1647//20 1663//20
f 1663//20 1647//20 1664//20
f 1664//20 1647//20 1665//20
f 1665//20 1647//20 1666//20
f 1666//20 1647//20 1667//20
f 1667//20 1647//20 1668//20
f 1668//20 1669//20 1670//20
f 1669//20 1668//20 1671//20
f 1671//20 1668//20 1647//20
f 1641//20 1670//20 1672//20
f 1670//20 1641//20 1654//20
f 1672//20 1670//20 1669//20
f 1673//124 1674//124 1675//124
f 1676//125 1677//125 1678//125
f 1677//125 1676//125 1679//125
f 1680//126 1681//126 1682//126
f 1681//126 1680//126 1683//126
f 1684//127 1685//127 1686//127
f 1687//88 1688//88 1689//88
f 1688//36 1687//36 1690//36
f 1690//20 1687//20 1691//20
f 1691//20 1687//20 1692//20
f 1692//36 1687//36 1693//36
f 1693//20 1687//20 1694//20
f 1694//20 1687//20 1695//20
f 1694//128 1695//128 1696//128
f 1696//129 1695//129 1697//129
f 1697//130 1695//130 1698//130
f 1698//131 1695//131 1699//131
f 1699//130 1695//130 1700//130
f 1700//47 1695//47 1701//47
f 1701//20 1695//20 1702//20
f 1702//132 1695//132 1703//132
f 1703//41 1695//41 1704//41
f 1704//36 1695//36 1705//36
f 1705//37 1695//37 1706//37
f 1706//35 1695//35 1707//35
f 1707//51 1695//51 1708//51
f 1708//133 1695//133 1709//133
f 1709//51 1695//51 1710//51
f 1710//20 1695//20 1711//20
f 1711//59 1695//59 1712//59
f 1712//47 1695//47 1713//47
f 1713//36 1695//36 1714//36
f 1714//20 1695//20 1715//20
f 1687//20 1716//20 1717//20
f 1716//20 1687//20 1718//20
f 1716//20 1718//20 1719//20
f 1718//20 1687//20 1689//20
f 1719//20 1718//20 1715//20
f 1719//20 1715//20 1695//20
f 1719//20 1695//20 1720//20
f 1721//12 1722//12 1723//12
f 1722//12 1721//12 1724//12
f 1725//4 1726//4 1727//4
f 1726//4 1725//4 1728//4
f 1726//4 1728//4 1729//4
f 1729//4 1728//4 1730//4
f 1731//134 1732//134 1733//134
f 1732//134 1731//134 1734//134
f 1735//5 1736//5 1737//5
f 1736//5 1735//5 1738//5
f 1739//14 1740//14 1741//14
f 1740//14 1739//14 1742//14
f 1742//14 1739//14 1743//14
f 1742//14 1743//14 1744//14
f 1744//14 1743//14 1745//14
f 1744//14 1745//14 1746//14
f 1746//14 1745//14 1747//14
f 1746//14 1747//14 1748//14
f 1748//14 1747//14 1749//14
f 1748//14 1749//14 1750//14
f 1750//14 1749//14 1751//14
f 1750//14 1751//14 1752//14
f 1752//64 1751//64 1753//64
f 1753//14 1751//14 1754//14
f 1753//14 1754//14 1755//14
f 1755//14 1754//14 1756//14
f 1755//14 1756//14 1757//14
f 1757//14 1756//14 1758//14
f 1757//14 1758//14 1759//14
f 1759//14 1758//14 1760//14
f 1759//14 1760//14 1761//14
f 1761//14 1760//14 1762//14
f 1761//14 1762//14 1763//14
f 1763//14 1762//14 1764//14
f 1763//14 1764//14 1765//14
f 1765//14 1764//14 1766//14
f 1767//15 1768//15 1769//15
f 1768//15 1767//15 1770//15
f 1771//135 1772//135 1773//135
f 1774//30 1775//30 1776//30
f 1775//30 1774//30 1777//30
f 1775//30 1777//30 1778//30
f 1778//30 1777//30 1779//30
f 1779//30 1777//30 1780//30
f 1780//30 1777//30 1781//30
f 1781//30 1777//30 1782//30
f 1776//30 1783//30 1784//30
f 1783//30 1776//30 1775//30
f 1784//30 1783//30 1779//30
f 1784//30 1779//30 1785//30
f 1785//30 1779//30 1780//30
f 1784//30 1785//30 1782//30
f 1784//30 1782//30 1777//30
f 1786//136 1787//136 1788//136
f 1787//111 1786//111 1789//111
f 1789//111 1786//111 1790//111
f 1791//17 1792//17 1793//17
f 1792//17 1791//17 1794//17
f 1794//17 1791//17 1795//17
f 1794//17 1795//17 1796//17
f 1796//18 1795//18 1797//18
f 1796//17 1797//17 1798//17
f 1798//17 1797//17 1799//17
f 1798//18 1799//18 1800//18
f 1800//17 1799//17 1801//17
f 1800//18 1801//18 1802//18
f 1802//18 1801//18 1803//18
f 1802//18 1803//18 1804//18
f 1804//17 1803//17 1805//17
f 1805//17 1803//17 1806//17
f 1805//17 1806//17 1807//17
f 1807//17 1806//17 1808//17
f 1807//18 1808//18 1809//18
f 1809//17 1808//17 1810//17
f 1809//17 1810//17 1811//17
f 1811//18 1810//18 1812//18
f 1811//18 1812//18 1813//18
f 1813//17 1812//17 1814//17
f 1813//17 1814//17 1815//17
f 1815//18 1814//18 1816//18
f 1815//17 1816//17 1817//17
f 1817//18 1816//18 1818//18
f 1819//12 1820//12 1821//12
f 1820//12 1819//12 1822//12
f 1823//20 1824//20 1825//20
f 1824//20 1823//20 1826//20
f 1824//20 1826//20 1827//20
f 1827//20 1826//20 1828//20
f 1829//137 1830//137 1831//137
f 1830//137 1829//137 1832//137
f 1833//23 1834//23 1835//23
f 1834//23 1833//23 1836//23
f 1837//137 1838//137 1839//137
f 1838//137 1837//137 1840//137
f 1841//137 1842//137 1843//137
f 1842//137 1841//137 1844//137
f 1845//20 1846//20 1847//20
f 1846//20 1845//20 1848//20
f 1849//20 1850//20 1851//20
f 1850//20 1849//20 1852//20
f 1853//20 1854//20 1855//20
f 1854//20 1853//20 1856//20
f 1857//12 1858//12 1859//12
f 1858//138 1857//138 1860//138
f 1860//12 1857//12 1861//12
f 1860//12 1861//12 1862//12
f 1862//12 1861//12 1863//12
f 1862//139 1863//139 1864//139
f 1862//12 1864//12 1865//12
f 1862//12 1865//12 1866//12
f 1862//12 1866//12 1867//12
f 1867//12 1866//12 1868//12
f 1869//140 1870//140 1871//140
f 1870//141 1869//141 1872//141
f 1870//142 1872//142 1873//142
f 1874//143 1875//143 1876//143
f 1875//143 1874//143 1877//143
f 1877//143 1874//143 1878//143
f 1879//12 1880//12 1881//12
f 1880//12 1879//12 1882//12
f 1883//12 1884//12 1885//12
f 1884//12 1883//12 1886//12
f 1884//12 1886//12 1887//12
f 1887//95 1886//95 1888//95
f 1888//12 1886//12 1889//12
f 1889//12 1886//12 1890//12
f 1888//12 1889//12 1891//12
f 1891//12 1889//12 1892//12
f 1888//12 1891//12 1893//12
f 1887//12 1888//12 1894//12
f 1895//23 1896//23 1897//23
f 1898//4 1899//4 1900//4
f 1899//4 1898//4 1901//4
f 1902//97 1903//97 1904//97
f 1903//97 1902//97 1905//97
f 1906//144 1907//144 1908//144
f 1907//144 1906//144 1909//144
f 1909//144 1906//144 1910//144
f 1911//12 1912//12 1913//12
f 1914//23 1915//23 1916//23
f 1917//10 1918//10 1919//10
f 1918//10 1917//10 1920//10
f 1920//10 1917//10 1921//10
f 1921//10 1917//10 1922//10
f 1921//145 1922//145 1923//145
f 1920//10 1924//10 1918//10
f 1924//10 1920//10 1925//10
f 1924//10 1925//10 1926//10
f 1927//12 1928//12 1929//12
f 1928//12 1927//12 1930//12
f 1930//12 1927//12 1931//12
f 1931//12 1927//12 1932//12
f 1932//12 1927//12 1933//12
f 1933//12 1927//12 1934//12
f 1934//12 1927//12 1935//12
f 1935//146 1927//146 1936//146
f 1936//12 1927//12 1937//12
f 1937//12 1927//12 1938//12
f 1938//12 1927//12 1939//12
f 1939//12 1927//12 1940//12
f 1940//12 1927//12 1941//12
f 1941//12 1927//12 1942//12
f 1942//12 1927//12 1943//12
f 1943//147 1927//147 1944//147
f 1944//148 1927//148 1945//148
f 1945//149 1927//149 1946//149
f 1947//12 1948//12 1927//12
f 1948//150 1947//150 1949//150
f 1949//151 1947//151 1950//151
f 1949//152 1950//152 1951//152
f 1952//12 1953//12 1954//12
f 1953//12 1952//12 1955//12
f 1955//12 1952//12 1956//12
f 1955//12 1956//12 1957//12
f 1955//12 1957//12 1958//12
f 1955//12 1958//12 1959//12
f 1955//12 1959//12 1960//12
f 1955//12 1960//12 1961//12
f 1955//12 1961//12 1962//12
f 1955//12 1962//12 1963//12
f 1955//12 1963//12 1964//12
f 1955//12 1964//12 1965//12
f 1955//12 1965//12 1966//12
f 1966//12 1965//12 1967//12
f 1966//12 1967//12 1946//12
f 1966//12 1946//12 1927//12
f 1966//12 1927//12 1948//12
f 1968//12 1969//12 1970//12
f 1969//12 1968//12 1971//12
f 1971//12 1968//12 1972//12
f 1971//12 1972//12 1973//12
f 1973//12 1972//12 1974//12
f 1973//12 1974//12 1975//12
f 1975//12 1974//12 1976//12
f 1975//12 1976//12 1977//12
f 1977//12 1976//12 1978//12
f 1977//12 1978//12 1979//12
f 1979//12 1978//12 1980//12
f 1979//12 1980//12 1981//12
f 1981//13 1980//13 1982//13
f 1982//12 1980//12 1983//12
f 1982//12 1983//12 1984//12
f 1984//12 1983//12 1985//12
f 1984//12 1985//12 1986//12
f 1986//12 1985//12 1987//12
f 1986//12 1987//12 1988//12
f 1988//12 1987//12 1989//12
f 1988//12 1989//12 1990//12
f 1990//12 1989//12 1991//12
f 1990//12 1991//12 1992//12
f 1992//12 1991//12 1993//12
f 1992//12 1993//12 1994//12
f 1994//12 1993//12 1945//12
f 1994//12 1945//12 1946//12
f 1995//12 1996//12 1997//12
f 1996//12 1995//12 1998//12
f 1998//12 1995//12 1999//12
f 1999//12 1995//12 2000//12
f 1999//12 2000//12 2001//12
f 1999//12 2001//12 2002//12
f 2002//12 2001//12 2003//12
f 2002//12 2003//12 2004//12
f 2004//12 2003//12 2005//12
f 2004//12 2005//12 2006//12
f 2006//12 2005//12 2007//12
f 2006//12 2007//12 2008//12
f 2008//13 2007//13 2009//13
f 2009//12 2007//12 2010//12
f 2009//12 2010//12 2011//12
f 2011//12 2010//12 2012//12
f 2011//12 2012//12 2013//12
f 2013//12 2012//12 2014//12
f 2013//12 2014//12 2015//12
f 2015//12 2014//12 2016//12
f 2015//12 2016//12 2017//12
f 2017//12 2016//12 2018//12
f 2017//12 2018//12 2019//12
f 2019//12 2018//12 2020//12
f 2019//12 2020//12 2021//12
f 2021//12 2020//12 1944//12
f 2021//12 1944//12 1945//12
f 2022//12 2023//12 2024//12
f 2023//12 2022//12 2025//12
f 2025//12 2022//12 2026//12
f 2025//12 2026//12 2027//12
f 2027//12 2026//12 2028//12
f 2027//12 2028//12 2029//12
f 2029//12 2028//12 2030//12
f 2029//12 2030//12 2031//12
f 2031//12 2030//12 2032//12
f 2031//12 2032//12 2033//12
f 2033//12 2032//12 2034//12
f 2033//12 2034//12 2035//12
f 2035//12 2034//12 2036//12
f 2036//12 2034//12 2037//12
f 2036//12 2037//12 2038//12
f 2038//12 2037//12 2039//12
f 2038//12 2039//12 2040//12
f 2040//12 2039//12 2041//12
f 2040//12 2041//12 2042//12
f 2042//12 2041//12 2043//12
f 2042//12 2043//12 2044//12
f 2044//12 2043//12 2045//12
f 2044//12 2045//12 2046//12
f 2046//12 2045//12 2047//12
f 2046//12 2047//12 2048//12
f 2048//12 2047//12 1943//12
f 2048//12 1943//12 1944//12
f 2049//10 2050//10 2051//10
f 2052//153 2053//153 2054//153
f 2053//4 2052//4 2055//4
f 2053//4 2055//4 2056//4
f 1904//154 1205//154 1719//154 1720//154
f 1904//97 1903//97 1212//97
f 1904//154 1720//154 1212//154
